{"stats":{"minecraft:custom":{"minecraft:time_since_rest":80,"minecraft:interact_with_furnace":11,"minecraft:sprint_one_cm":85134,"minecraft:damage_taken":1464,"minecraft:walk_one_cm":83551,"minecraft:mob_kills":7,"minecraft:damage_dealt":846,"minecraft:talked_to_villager":1,"minecraft:swim_one_cm":28228,"minecraft:interact_with_crafting_table":3,"minecraft:fly_one_cm":53380,"minecraft:open_chest":17,"minecraft:crouch_one_cm":2725,"minecraft:play_time":50465,"minecraft:deaths":4,"minecraft:sneak_time":1071,"minecraft:walk_under_water_one_cm":14826,"minecraft:jump":513,"minecraft:leave_game":4,"minecraft:walk_on_water_one_cm":5817,"minecraft:time_since_death":0,"minecraft:sleep_in_bed":1,"minecraft:total_world_time":50465,"minecraft:climb_one_cm":5614,"minecraft:fall_one_cm":5618},"minecraft:picked_up":{"minecraft:stick":15,"aoa3:copper_coin":10,"farmersdelight:rice_panicle":4,"gravestone:obituary":3,"aoa3:ivory":1,"minecraft:orange_terracotta":4,"minecraft:stone_sword":1,"minecraft:bone":2,"minecraft:rotten_flesh":5,"minecraft:red_sand":30,"minecraft:iron_nugget":1,"minecraft:terracotta":4,"minecraft:sugar_cane":4},"minecraft:used":{"farmersdelight:cooked_rice":2,"create:copper_backtank":1,"minecraft:iron_sword":7,"minecraft:rotten_flesh":14,"minecraft:terracotta":2},"minecraft:killed_by":{"minecraft:drowned":1,"minecraft:skeleton":1,"minecraft:creeper":1,"minecraft:zombie":1},"minecraft:crafted":{"minecraft:iron_chestplate":1,"minecraft:iron_pickaxe":1,"minecraft:iron_sword":1,"minecraft:iron_leggings":1,"minecraft:air":0},"minecraft:mined":{"gravestone:gravestone":3,"minecraft:dead_bush":10,"farmersdelight:rice_panicles":4},"minecraft:killed":{"minecraft:skeleton":1,"minecraft:zombie":1,"aoa3:goblin":1,"aoa3:cyclops":1}},"DataVersion":3465}