{"stats":{"minecraft:custom":{"minecraft:interact_with_furnace":12,"minecraft:mob_kills":15,"minecraft:interact_with_crafting_table":3,"minecraft:leave_game":10,"minecraft:time_since_death":27314,"minecraft:sleep_in_bed":1,"minecraft:climb_one_cm":6923,"minecraft:time_since_rest":27350,"minecraft:sprint_one_cm":192275,"minecraft:damage_taken":2557,"minecraft:walk_one_cm":145029,"minecraft:drop":6,"minecraft:damage_dealt":2211,"minecraft:swim_one_cm":38679,"minecraft:talked_to_villager":1,"minecraft:fly_one_cm":107872,"minecraft:open_chest":17,"minecraft:crouch_one_cm":14328,"minecraft:play_time":101623,"minecraft:deaths":6,"minecraft:sneak_time":7730,"minecraft:walk_under_water_one_cm":21284,"minecraft:jump":1089,"minecraft:walk_on_water_one_cm":17035,"minecraft:total_world_time":101623,"minecraft:fall_one_cm":17208},"minecraft:picked_up":{"aoa3:copper_coin":13,"farmersdelight:rice_panicle":4,"create:raw_zinc":4,"evilcraft:flesh_humanoid":1,"gravestone:obituary":4,"minecraft:lapis_lazuli":20,"minecraft:string":3,"minecraft:moss_carpet":2,"minecraft:orange_terracotta":7,"aoa3:jade":11,"minecraft:bone":4,"minecraft:wheat_seeds":2,"minecraft:red_sand":43,"minecraft:cobbled_deepslate":42,"minecraft:raw_gold":13,"minecraft:iron_nugget":3,"minecraft:moss_block":2,"minecraft:sugar_cane":4,"minecraft:egg":5,"minecraft:raw_iron":2,"minecraft:stick":20,"minecraft:big_dripleaf":1,"minecraft:diorite":1,"minecraft:carrot":1,"minecraft:redstone":48,"aoa3:ivory":1,"minecraft:spider_eye":1,"minecraft:stone_sword":1,"minecraft:rotten_flesh":8,"minecraft:diamond":5,"evilcraft:dark_gem":10,"minecraft:terracotta":4,"minecraft:glow_berries":1},"minecraft:used":{"farmersdelight:cooked_rice":2,"minecraft:red_sand":15,"minecraft:iron_sword":41,"minecraft:rotten_flesh":25,"minecraft:glow_berries":1,"minecraft:terracotta":4,"minecraft:big_dripleaf":1,"create:copper_backtank":1,"minecraft:iron_pickaxe":107,"evilcraft:flesh_humanoid":1,"minecraft:egg":4,"minecraft:cobbled_deepslate":37},"minecraft:killed_by":{"minecraft:skeleton":2,"minecraft:creeper":2,"minecraft:zombie":1,"minecraft:drowned":1},"minecraft:crafted":{"minecraft:iron_sword":1,"minecraft:air":0,"minecraft:iron_chestplate":1,"minecraft:iron_pickaxe":1,"minecraft:iron_leggings":1},"minecraft:killed":{"minecraft:spider":1,"aoa3:cyclops":2,"minecraft:zombie_horse":1,"minecraft:skeleton":2,"minecraft:zombie":5,"aoa3:goblin":1},"minecraft:mined":{"minecraft:deepslate_redstone_ore":10,"create:deepslate_zinc_ore":4,"minecraft:deepslate_diamond_ore":5,"minecraft:glow_lichen":1,"gravestone:gravestone":7,"minecraft:red_sand":3,"minecraft:dead_bush":13,"minecraft:deepslate_gold_ore":13,"minecraft:moss_block":3,"minecraft:diorite":1,"minecraft:big_dripleaf":1,"minecraft:redstone_ore":2,"aoa3:deepslate_jade_ore":11,"evilcraft:dark_ore_deepslate":4,"minecraft:cobbled_deepslate":2,"minecraft:moss_carpet":1,"minecraft:deepslate_lapis_ore":3,"minecraft:grass":5,"minecraft:deepslate_iron_ore":2,"farmersdelight:rice_panicles":4,"minecraft:deepslate":45},"minecraft:dropped":{"minecraft:wheat_seeds":1,"gravestone:obituary":5}},"DataVersion":3465}