{"stats":{"minecraft:killed":{"aoa3:charger":1,"minecraft:spider":2,"minecraft:zombie_horse":1,"minecraft:skeleton":4,"aoa3:ancient_golem":1,"minecraft:pig":1,"minecraft:zombie_villager":1,"aoa3:cyclops":2,"minecraft:sheep":1,"minecraft:zombie":6,"aoa3:goblin":1,"iceandfire:ghost":1,"minecraft:cow":7},"minecraft:killed_by":{"minecraft:creeper":4,"minecraft:spider":3,"minecraft:drowned":1,"minecraft:skeleton":12,"minecraft:zombie":4,"iceandfire:ghost":3},"minecraft:crafted":{"minecraft:oak_planks":24,"minecraft:purple_bed":1,"minecraft:iron_boots":1,"minecraft:crafting_table":2,"minecraft:iron_helmet":1,"minecraft:iron_sword":1,"minecraft:cooked_salmon":4,"minecraft:bucket":1,"minecraft:bread":4,"minecraft:air":0,"minecraft:oak_boat":1,"minecraft:diamond_pickaxe":1,"minecraft:iron_chestplate":1,"minecraft:shield":1,"minecraft:stick":4,"minecraft:iron_ingot":10,"minecraft:iron_pickaxe":2,"minecraft:iron_leggings":1},"minecraft:picked_up":{"minecraft:iron_chestplate":1,"minecraft:crafting_table":1,"minecraft:wheat":21,"minecraft:purple_wool":3,"aoa3:copper_coin":16,"minecraft:clay_ball":16,"farmersdelight:rice_panicle":19,"cyclic:compressed_cobblestone":1,"gravestone:obituary":9,"minecraft:moss_carpet":5,"minecraft:string":11,"aoa3:jade":11,"minecraft:red_sand":43,"minecraft:cobbled_deepslate":262,"minecraft:beef":17,"minecraft:oak_boat":1,"minecraft:poppy":1,"minecraft:iron_nugget":3,"minecraft:iron_pickaxe":3,"minecraft:melon_slice":20,"minecraft:sugar_cane":4,"minecraft:iron_boots":1,"minecraft:egg":7,"minecraft:stick":22,"minecraft:raw_iron":2,"minecraft:big_dripleaf":1,"minecraft:torch":71,"minecraft:porkchop":2,"minecraft:diorite":3,"minecraft:carrot":1,"minecraft:redstone":49,"minecraft:stone_sword":1,"minecraft:arrow":3,"minecraft:rotten_flesh":20,"aoa3:raw_limonite":32,"minecraft:mutton":2,"minecraft:glow_berries":15,"minecraft:obsidian":22,"minecraft:cobblestone":64,"minecraft:andesite":2,"minecraft:leather":4,"minecraft:tuff":40,"create:raw_zinc":5,"minecraft:oak_log":6,"evilcraft:flesh_humanoid":1,"minecraft:lapis_lazuli":75,"minecraft:dirt":10,"minecraft:orange_terracotta":7,"minecraft:bone":13,"minecraft:wheat_seeds":69,"minecraft:raw_gold":13,"minecraft:iron_ingot":1,"minecraft:moss_block":10,"minecraft:oak_planks":22,"minecraft:iron_sword":1,"minecraft:sand":3,"aoa3:ivory":1,"minecraft:spider_eye":1,"minecraft:diamond":5,"evilcraft:dark_gem":10,"minecraft:bread":2,"minecraft:terracotta":5,"minecraft:black_wool":1},"minecraft:used":{"minecraft:moss_block":2,"minecraft:red_sand":15,"minecraft:iron_sword":143,"minecraft:cooked_salmon":1,"minecraft:rotten_flesh":37,"minecraft:torch":62,"minecraft:dirt":5,"minecraft:tuff":2,"minecraft:axolotl_bucket":2,"minecraft:big_dripleaf":1,"minecraft:wooden_axe":12,"minecraft:iron_helmet":1,"minecraft:iron_boots":1,"evilcraft:flesh_humanoid":1,"minecraft:beef":5,"minecraft:egg":6,"minecraft:cobbled_deepslate":133,"farmersdelight:cooked_rice":2,"minecraft:wheat_seeds":24,"minecraft:water_bucket":15,"minecraft:glow_berries":18,"minecraft:sand":2,"minecraft:terracotta":4,"minecraft:crafting_table":5,"minecraft:diamond_pickaxe":39,"create:copper_backtank":1,"minecraft:iron_pickaxe":431,"minecraft:bread":4,"minecraft:cobblestone":64,"minecraft:purple_bed":1,"minecraft:andesite":2,"minecraft:bucket":18,"minecraft:oak_boat":1},"minecraft:mined":{"create:deepslate_zinc_ore":5,"minecraft:tuff":10,"minecraft:farmland":1,"minecraft:deepslate_diamond_ore":5,"cyclic:compressed_cobblestone":1,"minecraft:obsidian":22,"minecraft:glow_lichen":1,"minecraft:cave_vines_plant":1,"gravestone:gravestone":16,"minecraft:red_sand":3,"minecraft:grass_block":6,"minecraft:moss_block":8,"minecraft:redstone_ore":2,"farmersdelight:rice":1,"minecraft:cobbled_deepslate":3,"minecraft:andesite":2,"minecraft:moss_carpet":1,"minecraft:deepslate_lapis_ore":7,"minecraft:cave_vines":4,"minecraft:deepslate_iron_ore":2,"farmersdelight:rice_panicles":23,"minecraft:stone":54,"minecraft:deepslate_redstone_ore":10,"minecraft:clay":4,"minecraft:crafting_table":1,"minecraft:torch":2,"minecraft:melon":3,"minecraft:dead_bush":14,"minecraft:cobblestone":9,"minecraft:lapis_ore":4,"minecraft:deepslate_gold_ore":13,"aoa3:deepslate_limonite_ore":25,"minecraft:diorite":1,"minecraft:wall_torch":16,"aoa3:limonite_ore":4,"minecraft:big_dripleaf":1,"minecraft:purple_wool":3,"aoa3:deepslate_jade_ore":11,"evilcraft:dark_ore_deepslate":4,"minecraft:wheat":20,"minecraft:grass":11,"minecraft:oak_log":6,"minecraft:sand":1,"minecraft:dirt":6,"minecraft:oak_leaves":4,"minecraft:deepslate":234},"minecraft:custom":{"minecraft:mob_kills":32,"minecraft:interact_with_crafting_table":13,"minecraft:leave_game":25,"minecraft:time_since_death":46887,"minecraft:climb_one_cm":8513,"minecraft:sprint_one_cm":581936,"minecraft:walk_one_cm":333239,"minecraft:drop":31,"minecraft:talked_to_villager":1,"minecraft:play_time":207869,"minecraft:deaths":28,"minecraft:sneak_time":17476,"minecraft:walk_under_water_one_cm":32048,"minecraft:boat_one_cm":113394,"minecraft:jump":2747,"minecraft:walk_on_water_one_cm":61667,"minecraft:total_world_time":207869,"minecraft:interact_with_furnace":46,"minecraft:sleep_in_bed":4,"minecraft:time_since_rest":19607,"minecraft:damage_taken":9097,"minecraft:trigger_trapped_chest":2,"minecraft:damage_dealt":5166,"minecraft:swim_one_cm":100666,"minecraft:fly_one_cm":294110,"minecraft:open_chest":46,"minecraft:crouch_one_cm":33031,"minecraft:fall_one_cm":47789},"minecraft:broken":{"minecraft:wooden_axe":1},"minecraft:dropped":{"minecraft:moss_block":5,"minecraft:wheat_seeds":15,"minecraft:dirt":1,"minecraft:diorite":2,"gravestone:obituary":13,"minecraft:iron_pickaxe":2,"minecraft:redstone":1,"minecraft:gravel":1,"minecraft:moss_carpet":2,"minecraft:tuff":4,"minecraft:poppy":1,"minecraft:orange_terracotta":7,"minecraft:black_wool":1}},"DataVersion":3465}