{"stats":{"minecraft:crafted":{"minecraft:oak_planks":24,"minecraft:iron_helmet":1,"minecraft:iron_sword":1,"minecraft:cooked_salmon":4,"minecraft:bread":2,"minecraft:air":0,"minecraft:iron_boots":1,"minecraft:iron_chestplate":1,"minecraft:stick":4,"minecraft:iron_pickaxe":2,"minecraft:iron_leggings":1},"minecraft:dropped":{"minecraft:gravel":1,"minecraft:moss_carpet":2,"minecraft:moss_block":2,"minecraft:wheat_seeds":2,"minecraft:tuff":4,"minecraft:diorite":2,"minecraft:orange_terracotta":7,"gravestone:obituary":11,"minecraft:iron_pickaxe":1,"minecraft:redstone":1},"minecraft:killed":{"minecraft:spider":1,"aoa3:cyclops":2,"minecraft:zombie_horse":1,"minecraft:skeleton":2,"minecraft:zombie":6,"aoa3:goblin":1},"minecraft:killed_by":{"minecraft:skeleton":12,"minecraft:creeper":4,"minecraft:spider":3,"minecraft:zombie":3,"iceandfire:ghost":3,"minecraft:drowned":1},"minecraft:mined":{"minecraft:deepslate_redstone_ore":10,"create:deepslate_zinc_ore":5,"minecraft:tuff":10,"minecraft:farmland":1,"minecraft:deepslate_diamond_ore":5,"minecraft:glow_lichen":1,"gravestone:gravestone":15,"minecraft:red_sand":3,"minecraft:dead_bush":14,"minecraft:cobblestone":4,"minecraft:deepslate_gold_ore":13,"minecraft:moss_block":3,"aoa3:deepslate_limonite_ore":25,"minecraft:diorite":1,"minecraft:wall_torch":8,"aoa3:limonite_ore":4,"minecraft:big_dripleaf":1,"minecraft:redstone_ore":2,"aoa3:deepslate_jade_ore":11,"evilcraft:dark_ore_deepslate":4,"minecraft:wheat":14,"minecraft:cobbled_deepslate":3,"minecraft:moss_carpet":1,"minecraft:deepslate_lapis_ore":3,"minecraft:grass":5,"minecraft:oak_log":6,"minecraft:deepslate_iron_ore":2,"minecraft:sand":1,"minecraft:dirt":1,"farmersdelight:rice_panicles":4,"minecraft:stone":1,"minecraft:oak_leaves":4,"minecraft:deepslate":228},"minecraft:used":{"farmersdelight:cooked_rice":2,"minecraft:wheat_seeds":18,"minecraft:red_sand":15,"minecraft:iron_sword":43,"minecraft:cooked_salmon":1,"minecraft:rotten_flesh":31,"minecraft:torch":26,"minecraft:glow_berries":1,"minecraft:dirt":2,"minecraft:sand":2,"minecraft:terracotta":4,"minecraft:crafting_table":2,"minecraft:tuff":2,"minecraft:big_dripleaf":1,"minecraft:wooden_axe":12,"create:copper_backtank":1,"minecraft:iron_pickaxe":361,"minecraft:iron_helmet":1,"minecraft:iron_boots":1,"evilcraft:flesh_humanoid":1,"minecraft:cobblestone":6,"minecraft:egg":4,"minecraft:cobbled_deepslate":124},"minecraft:picked_up":{"minecraft:iron_chestplate":1,"minecraft:wheat":15,"aoa3:copper_coin":13,"farmersdelight:rice_panicle":4,"minecraft:tuff":40,"create:raw_zinc":5,"minecraft:oak_log":6,"evilcraft:flesh_humanoid":1,"gravestone:obituary":7,"minecraft:lapis_lazuli":20,"minecraft:dirt":3,"minecraft:string":9,"minecraft:moss_carpet":5,"minecraft:orange_terracotta":7,"aoa3:jade":11,"minecraft:bone":6,"minecraft:wheat_seeds":50,"minecraft:red_sand":43,"minecraft:cobbled_deepslate":256,"minecraft:raw_gold":13,"minecraft:iron_pickaxe":3,"minecraft:iron_nugget":3,"minecraft:sugar_cane":4,"minecraft:moss_block":2,"minecraft:iron_sword":1,"minecraft:oak_planks":22,"minecraft:iron_boots":1,"minecraft:egg":6,"minecraft:stick":22,"minecraft:raw_iron":2,"minecraft:big_dripleaf":1,"minecraft:torch":62,"minecraft:sand":3,"minecraft:diorite":3,"minecraft:carrot":1,"minecraft:redstone":49,"aoa3:ivory":1,"minecraft:spider_eye":1,"minecraft:stone_sword":1,"minecraft:arrow":1,"minecraft:rotten_flesh":20,"minecraft:diamond":5,"evilcraft:dark_gem":10,"minecraft:bread":2,"aoa3:raw_limonite":32,"minecraft:terracotta":5,"minecraft:glow_berries":2,"minecraft:cobblestone":10},"minecraft:broken":{"minecraft:wooden_axe":1},"minecraft:custom":{"minecraft:interact_with_furnace":35,"minecraft:mob_kills":16,"minecraft:interact_with_crafting_table":6,"minecraft:leave_game":16,"minecraft:time_since_death":12083,"minecraft:sleep_in_bed":2,"minecraft:climb_one_cm":7806,"minecraft:time_since_rest":12116,"minecraft:sprint_one_cm":333141,"minecraft:damage_taken":8528,"minecraft:walk_one_cm":240077,"minecraft:trigger_trapped_chest":2,"minecraft:drop":22,"minecraft:damage_dealt":2865,"minecraft:swim_one_cm":81991,"minecraft:talked_to_villager":1,"minecraft:fly_one_cm":186568,"minecraft:open_chest":35,"minecraft:crouch_one_cm":23353,"minecraft:play_time":148247,"minecraft:deaths":27,"minecraft:sneak_time":13630,"minecraft:walk_under_water_one_cm":25596,"minecraft:jump":1741,"minecraft:walk_on_water_one_cm":23735,"minecraft:total_world_time":148247,"minecraft:fall_one_cm":32719}},"DataVersion":3465}