{"stats":{"minecraft:custom":{"minecraft:time_since_rest":2842,"minecraft:open_chest":6,"minecraft:interact_with_furnace":4,"minecraft:crouch_one_cm":1181,"minecraft:sprint_one_cm":57720,"minecraft:play_time":28057,"minecraft:damage_taken":210,"minecraft:walk_one_cm":51197,"minecraft:sneak_time":359,"minecraft:walk_under_water_one_cm":1046,"minecraft:mob_kills":5,"minecraft:jump":343,"minecraft:damage_dealt":570,"minecraft:leave_game":4,"minecraft:walk_on_water_one_cm":379,"minecraft:time_since_death":28057,"minecraft:sleep_in_bed":1,"minecraft:total_world_time":28057,"minecraft:talked_to_villager":1,"minecraft:swim_one_cm":7109,"minecraft:fall_one_cm":5618,"minecraft:fly_one_cm":43040},"minecraft:picked_up":{"minecraft:stick":11,"minecraft:bone":2,"aoa3:copper_coin":5,"minecraft:rotten_flesh":3,"gravestone:obituary":2,"minecraft:iron_nugget":1,"minecraft:terracotta":4,"aoa3:ivory":1},"minecraft:used":{"minecraft:rotten_flesh":3,"farmersdelight:cooked_rice":2,"minecraft:terracotta":2},"minecraft:crafted":{"minecraft:air":0},"minecraft:mined":{"minecraft:dead_bush":10},"minecraft:killed":{"aoa3:cyclops":1,"minecraft:zombie":1,"aoa3:goblin":1}},"DataVersion":3465}