{"stats":{"minecraft:custom":{"minecraft:interact_with_furnace":15,"minecraft:mob_kills":15,"minecraft:interact_with_crafting_table":3,"minecraft:leave_game":11,"minecraft:time_since_death":4503,"minecraft:sleep_in_bed":2,"minecraft:climb_one_cm":6925,"minecraft:time_since_rest":4562,"minecraft:sprint_one_cm":205815,"minecraft:damage_taken":2944,"minecraft:walk_one_cm":164525,"minecraft:trigger_trapped_chest":1,"minecraft:drop":6,"minecraft:damage_dealt":2521,"minecraft:swim_one_cm":42798,"minecraft:talked_to_villager":1,"minecraft:fly_one_cm":111816,"minecraft:open_chest":20,"minecraft:crouch_one_cm":18922,"minecraft:play_time":111517,"minecraft:deaths":8,"minecraft:sneak_time":11065,"minecraft:walk_under_water_one_cm":21842,"minecraft:jump":1136,"minecraft:walk_on_water_one_cm":18741,"minecraft:total_world_time":111517,"minecraft:fall_one_cm":19302},"minecraft:picked_up":{"minecraft:wheat":5,"aoa3:copper_coin":13,"farmersdelight:rice_panicle":4,"minecraft:tuff":2,"create:raw_zinc":5,"evilcraft:flesh_humanoid":1,"gravestone:obituary":4,"minecraft:lapis_lazuli":20,"minecraft:string":3,"minecraft:moss_carpet":2,"minecraft:orange_terracotta":7,"aoa3:jade":11,"minecraft:bone":4,"minecraft:wheat_seeds":23,"minecraft:red_sand":43,"minecraft:cobbled_deepslate":131,"minecraft:raw_gold":13,"minecraft:iron_nugget":3,"minecraft:sugar_cane":4,"minecraft:moss_block":2,"minecraft:egg":5,"minecraft:raw_iron":2,"minecraft:stick":20,"minecraft:big_dripleaf":1,"minecraft:sand":2,"minecraft:diorite":1,"minecraft:carrot":1,"minecraft:redstone":48,"aoa3:ivory":1,"minecraft:spider_eye":1,"minecraft:stone_sword":1,"minecraft:rotten_flesh":8,"minecraft:diamond":5,"evilcraft:dark_gem":10,"minecraft:terracotta":4,"minecraft:glow_berries":1,"minecraft:cobblestone":3},"minecraft:used":{"farmersdelight:cooked_rice":2,"minecraft:wheat_seeds":8,"minecraft:red_sand":15,"minecraft:iron_sword":42,"minecraft:rotten_flesh":25,"minecraft:glow_berries":1,"minecraft:sand":2,"minecraft:terracotta":4,"minecraft:big_dripleaf":1,"create:copper_backtank":1,"minecraft:iron_pickaxe":219,"evilcraft:flesh_humanoid":1,"minecraft:cobblestone":1,"minecraft:egg":4,"minecraft:cobbled_deepslate":44},"minecraft:killed_by":{"minecraft:skeleton":3,"minecraft:creeper":2,"minecraft:zombie":1,"iceandfire:ghost":1,"minecraft:drowned":1},"minecraft:crafted":{"minecraft:iron_sword":1,"minecraft:cooked_salmon":4,"minecraft:air":0,"minecraft:iron_chestplate":1,"minecraft:iron_pickaxe":1,"minecraft:iron_leggings":1},"minecraft:killed":{"minecraft:spider":1,"aoa3:cyclops":2,"minecraft:zombie_horse":1,"minecraft:skeleton":2,"minecraft:zombie":5,"aoa3:goblin":1},"minecraft:mined":{"minecraft:deepslate_redstone_ore":10,"create:deepslate_zinc_ore":5,"minecraft:tuff":2,"minecraft:deepslate_diamond_ore":5,"minecraft:glow_lichen":1,"gravestone:gravestone":8,"minecraft:red_sand":3,"minecraft:dead_bush":13,"minecraft:cobblestone":3,"minecraft:deepslate_gold_ore":13,"minecraft:moss_block":3,"minecraft:diorite":1,"minecraft:big_dripleaf":1,"minecraft:redstone_ore":2,"aoa3:deepslate_jade_ore":11,"evilcraft:dark_ore_deepslate":4,"minecraft:wheat":6,"minecraft:cobbled_deepslate":2,"minecraft:moss_carpet":1,"minecraft:deepslate_lapis_ore":3,"minecraft:grass":5,"minecraft:deepslate_iron_ore":2,"minecraft:sand":1,"farmersdelight:rice_panicles":4,"minecraft:deepslate":134},"minecraft:dropped":{"minecraft:wheat_seeds":1,"gravestone:obituary":5}},"DataVersion":3465}