{"stats":{"minecraft:custom":{"minecraft:time_since_rest":9391,"minecraft:interact_with_furnace":11,"minecraft:sprint_one_cm":140123,"minecraft:damage_taken":2265,"minecraft:walk_one_cm":117339,"minecraft:mob_kills":12,"minecraft:drop":3,"minecraft:damage_dealt":1708,"minecraft:interact_with_crafting_table":3,"minecraft:swim_one_cm":35173,"minecraft:fly_one_cm":74927,"minecraft:talked_to_villager":1,"minecraft:play_time":83664,"minecraft:crouch_one_cm":7884,"minecraft:open_chest":17,"minecraft:deaths":6,"minecraft:sneak_time":3862,"minecraft:walk_under_water_one_cm":20211,"minecraft:jump":748,"minecraft:leave_game":10,"minecraft:time_since_death":9355,"minecraft:total_world_time":83664,"minecraft:walk_on_water_one_cm":10558,"minecraft:sleep_in_bed":1,"minecraft:climb_one_cm":6600,"minecraft:fall_one_cm":11788},"minecraft:picked_up":{"minecraft:stick":20,"minecraft:raw_iron":2,"aoa3:copper_coin":13,"minecraft:big_dripleaf":1,"farmersdelight:rice_panicle":4,"create:raw_zinc":4,"evilcraft:flesh_humanoid":1,"gravestone:obituary":3,"minecraft:diorite":1,"minecraft:carrot":1,"minecraft:redstone":21,"minecraft:spider_eye":1,"aoa3:ivory":1,"minecraft:string":2,"minecraft:moss_carpet":1,"minecraft:orange_terracotta":7,"minecraft:stone_sword":1,"minecraft:bone":2,"minecraft:rotten_flesh":7,"minecraft:diamond":2,"minecraft:wheat_seeds":1,"minecraft:red_sand":43,"minecraft:cobbled_deepslate":9,"minecraft:raw_gold":1,"minecraft:iron_nugget":2,"minecraft:terracotta":4,"minecraft:sugar_cane":4,"minecraft:egg":2},"minecraft:used":{"minecraft:big_dripleaf":1,"farmersdelight:cooked_rice":2,"minecraft:red_sand":3,"create:copper_backtank":1,"minecraft:iron_pickaxe":26,"minecraft:iron_sword":29,"minecraft:rotten_flesh":19,"minecraft:terracotta":4,"minecraft:egg":2,"minecraft:cobbled_deepslate":1},"minecraft:killed_by":{"minecraft:drowned":1,"minecraft:skeleton":2,"minecraft:creeper":2,"minecraft:zombie":1},"minecraft:crafted":{"minecraft:iron_chestplate":1,"minecraft:iron_pickaxe":1,"minecraft:iron_sword":1,"minecraft:iron_leggings":1,"minecraft:air":0},"minecraft:killed":{"minecraft:skeleton":2,"minecraft:zombie":3,"aoa3:goblin":1,"minecraft:spider":1,"aoa3:cyclops":2},"minecraft:mined":{"minecraft:deepslate_redstone_ore":3,"create:deepslate_zinc_ore":4,"minecraft:redstone_ore":2,"minecraft:deepslate_diamond_ore":2,"minecraft:moss_carpet":1,"gravestone:gravestone":6,"minecraft:grass":5,"minecraft:red_sand":3,"minecraft:deepslate_iron_ore":2,"minecraft:dead_bush":13,"farmersdelight:rice_panicles":4,"minecraft:deepslate_gold_ore":1,"minecraft:moss_block":1,"minecraft:diorite":1,"minecraft:deepslate":9,"minecraft:big_dripleaf":1},"minecraft:dropped":{"gravestone:obituary":3}},"DataVersion":3465}