{"stats":{"minecraft:custom":{"minecraft:time_since_rest":20592,"minecraft:open_chest":1,"minecraft:crouch_one_cm":360,"minecraft:sprint_one_cm":56441,"minecraft:play_time":20592,"minecraft:damage_taken":210,"minecraft:walk_one_cm":31803,"minecraft:sneak_time":178,"minecraft:walk_under_water_one_cm":43,"minecraft:mob_kills":5,"minecraft:jump":319,"minecraft:damage_dealt":570,"minecraft:leave_game":3,"minecraft:walk_on_water_one_cm":110,"minecraft:time_since_death":20592,"minecraft:total_world_time":20592,"minecraft:talked_to_villager":1,"minecraft:swim_one_cm":4360,"minecraft:fall_one_cm":5618,"minecraft:fly_one_cm":43012},"minecraft:picked_up":{"minecraft:stick":11,"minecraft:bone":2,"aoa3:copper_coin":5,"minecraft:rotten_flesh":3,"minecraft:iron_nugget":1,"minecraft:terracotta":4,"aoa3:ivory":1},"minecraft:used":{"minecraft:rotten_flesh":3,"minecraft:terracotta":2},"minecraft:mined":{"minecraft:dead_bush":10},"minecraft:killed":{"aoa3:cyclops":1,"minecraft:zombie":1,"aoa3:goblin":1}},"DataVersion":3465}