{"stats":{"minecraft:custom":{"minecraft:time_since_rest":13250,"minecraft:interact_with_furnace":11,"minecraft:sprint_one_cm":62250,"minecraft:damage_taken":411,"minecraft:walk_one_cm":65911,"minecraft:mob_kills":6,"minecraft:damage_dealt":801,"minecraft:talked_to_villager":1,"minecraft:swim_one_cm":16846,"minecraft:interact_with_crafting_table":3,"minecraft:fly_one_cm":44734,"minecraft:open_chest":15,"minecraft:crouch_one_cm":2641,"minecraft:play_time":38465,"minecraft:sneak_time":957,"minecraft:walk_under_water_one_cm":11841,"minecraft:jump":410,"minecraft:leave_game":4,"minecraft:walk_on_water_one_cm":2716,"minecraft:time_since_death":38465,"minecraft:sleep_in_bed":1,"minecraft:total_world_time":38465,"minecraft:climb_one_cm":943,"minecraft:fall_one_cm":5618},"minecraft:picked_up":{"minecraft:stick":11,"aoa3:copper_coin":5,"farmersdelight:rice_panicle":4,"gravestone:obituary":2,"aoa3:ivory":1,"minecraft:bone":2,"minecraft:rotten_flesh":3,"minecraft:iron_nugget":1,"minecraft:terracotta":4},"minecraft:used":{"farmersdelight:cooked_rice":2,"create:copper_backtank":1,"minecraft:iron_sword":5,"minecraft:rotten_flesh":7,"minecraft:terracotta":2},"minecraft:crafted":{"minecraft:iron_chestplate":1,"minecraft:iron_pickaxe":1,"minecraft:iron_sword":1,"minecraft:iron_leggings":1,"minecraft:air":0},"minecraft:mined":{"minecraft:dead_bush":10,"farmersdelight:rice_panicles":4},"minecraft:killed":{"minecraft:skeleton":1,"minecraft:zombie":1,"aoa3:goblin":1,"aoa3:cyclops":1}},"DataVersion":3465}