{"stats":{"minecraft:custom":{"minecraft:time_since_rest":1718,"minecraft:interact_with_furnace":11,"minecraft:sprint_one_cm":121364,"minecraft:damage_taken":2120,"minecraft:walk_one_cm":106069,"minecraft:mob_kills":11,"minecraft:drop":3,"minecraft:damage_dealt":1638,"minecraft:interact_with_crafting_table":3,"minecraft:swim_one_cm":31901,"minecraft:talked_to_villager":1,"minecraft:fly_one_cm":68184,"minecraft:open_chest":17,"minecraft:crouch_one_cm":5395,"minecraft:play_time":75991,"minecraft:deaths":6,"minecraft:sneak_time":2499,"minecraft:walk_under_water_one_cm":19624,"minecraft:jump":666,"minecraft:leave_game":8,"minecraft:time_since_death":1682,"minecraft:walk_on_water_one_cm":9520,"minecraft:sleep_in_bed":1,"minecraft:climb_one_cm":6244,"minecraft:total_world_time":75991,"minecraft:fall_one_cm":8949},"minecraft:picked_up":{"minecraft:stick":20,"aoa3:copper_coin":13,"minecraft:big_dripleaf":1,"farmersdelight:rice_panicle":4,"evilcraft:flesh_humanoid":1,"gravestone:obituary":3,"minecraft:diorite":1,"minecraft:carrot":1,"minecraft:redstone":21,"aoa3:ivory":1,"minecraft:orange_terracotta":7,"minecraft:stone_sword":1,"minecraft:bone":2,"minecraft:rotten_flesh":7,"minecraft:wheat_seeds":1,"minecraft:red_sand":43,"minecraft:cobbled_deepslate":1,"minecraft:raw_gold":1,"minecraft:iron_nugget":2,"minecraft:terracotta":4,"minecraft:sugar_cane":4},"minecraft:used":{"minecraft:big_dripleaf":1,"farmersdelight:cooked_rice":2,"create:copper_backtank":1,"minecraft:iron_pickaxe":9,"minecraft:iron_sword":24,"minecraft:rotten_flesh":18,"minecraft:terracotta":4},"minecraft:killed_by":{"minecraft:drowned":1,"minecraft:skeleton":2,"minecraft:creeper":2,"minecraft:zombie":1},"minecraft:crafted":{"minecraft:iron_chestplate":1,"minecraft:iron_pickaxe":1,"minecraft:iron_sword":1,"minecraft:iron_leggings":1,"minecraft:air":0},"minecraft:killed":{"minecraft:skeleton":1,"minecraft:zombie":3,"aoa3:goblin":1,"minecraft:spider":1,"aoa3:cyclops":2},"minecraft:mined":{"minecraft:deepslate_redstone_ore":3,"minecraft:redstone_ore":2,"minecraft:grass":1,"gravestone:gravestone":5,"minecraft:red_sand":3,"minecraft:dead_bush":13,"farmersdelight:rice_panicles":4,"minecraft:deepslate_gold_ore":1,"minecraft:diorite":1,"minecraft:deepslate":1,"minecraft:big_dripleaf":1},"minecraft:dropped":{"gravestone:obituary":3}},"DataVersion":3465}