{"stats":{"minecraft:dropped":{"minecraft:feather":1,"farmersdelight:cooked_rice":2,"minecraft:wooden_axe":1,"gravestone:obituary":20,"minecraft:sand":5,"create:shaft":6,"minecraft:rotten_flesh":4,"minecraft:andesite":11,"aoa3:jade":1},"minecraft:crafted":{"minecraft:brick":20,"minecraft:oak_planks":116,"farmersdelight:cooked_rice":2,"minecraft:bone_meal":51,"minecraft:stone_pickaxe":3,"farmersdelight:rice":19,"minecraft:chest":1,"minecraft:bricks":4,"farmersdelight:stove":1,"minecraft:cooked_beef":4,"minecraft:wooden_shovel":1,"iceandfire:silver_ingot":4,"minecraft:crafting_table":2,"aoa3:limonite_sword":1,"minecraft:wooden_pickaxe":2,"minecraft:bowl":4,"aoa3:limonite_pickaxe":1,"farmersdelight:cooking_pot":1,"minecraft:bucket":1,"minecraft:campfire":1,"minecraft:air":0,"minecraft:iron_ingot":11,"minecraft:wooden_axe":2,"aoa3:limonite_ingot":15,"minecraft:torch":36,"iceandfire:silver_pickaxe":1,"iceandfire:silver_sword":1},"minecraft:killed":{"minecraft:witch":1,"aoa3:charger":1,"minecraft:spider":1,"minecraft:skeleton":5,"minecraft:salmon":1,"aoa3:cyclops":1,"minecraft:sheep":2,"minecraft:zombie":5},"minecraft:killed_by":{"minecraft:player":1,"minecraft:creeper":2,"minecraft:spider":3,"minecraft:hoglin":1,"minecraft:skeleton":11,"minecraft:zombie":5,"iceandfire:ghost":1},"minecraft:used":{"iceandfire:silver_sword":34,"minecraft:chest":1,"farmersdelight:stove":1,"minecraft:rotten_flesh":2,"minecraft:torch":38,"minecraft:dirt":100,"minecraft:wooden_axe":89,"cyclic:flower_purple_tulip":1,"evilcraft:flesh_humanoid":1,"minecraft:oak_sapling":1,"farmersdelight:cooking_pot":1,"minecraft:cooked_beef":3,"minecraft:orange_terracotta":3,"farmersdelight:cooked_rice":5,"minecraft:water_bucket":4,"minecraft:diorite":43,"minecraft:stone_pickaxe":340,"minecraft:oak_planks":34,"aoa3:limonite_sword":8,"minecraft:wooden_pickaxe":115,"create:copper_diving_helmet":1,"minecraft:green_bed":4,"minecraft:glow_berries":1,"minecraft:terracotta":4,"minecraft:sand":20,"minecraft:crafting_table":3,"minecraft:lime_bed":2,"farmersdelight:rice":16,"iceandfire:silver_pickaxe":42,"create:copper_backtank":1,"minecraft:cobblestone":48,"cyclic:mattock_stone":390,"minecraft:bucket":6,"minecraft:bone_meal":51},"minecraft:mined":{"iceandfire:silver_ore":4,"gravestone:gravestone":10,"minecraft:granite":36,"minecraft:grass_block":3,"iceandfire:deepslate_silver_ore":2,"minecraft:hay_block":9,"minecraft:iron_ore":16,"minecraft:fire":37,"minecraft:andesite":17,"minecraft:deepslate_lapis_ore":3,"minecraft:bookshelf":11,"minecraft:deepslate_iron_ore":29,"farmersdelight:rice_panicles":19,"minecraft:stone":497,"minecraft:bone_block":8,"minecraft:white_wool":1,"minecraft:green_bed":4,"cyclic:flower_purple_tulip":1,"minecraft:clay":10,"minecraft:crafting_table":1,"minecraft:dead_bush":149,"minecraft:rose_bush":2,"minecraft:deepslate_coal_ore":9,"minecraft:cobblestone":14,"minecraft:lapis_ore":5,"minecraft:oak_planks":1,"aoa3:deepslate_limonite_ore":25,"minecraft:diorite":16,"minecraft:wall_torch":1,"aoa3:limonite_ore":28,"minecraft:lime_bed":3,"aoa3:deepslate_jade_ore":1,"evilcraft:dark_ore_deepslate":2,"minecraft:birch_log":8,"minecraft:oak_log":70,"minecraft:coal_ore":83,"minecraft:gravel":1,"minecraft:dirt":110,"minecraft:stone_bricks":1,"minecraft:oak_leaves":23,"minecraft:deepslate":2},"minecraft:picked_up":{"minecraft:wooden_axe":4,"minecraft:crafting_table":2,"minecraft:ladder":3,"aoa3:copper_coin":36,"minecraft:chicken":2,"minecraft:clay_ball":40,"aoa3:medium_skill_crystal":6,"minecraft:wooden_pickaxe":2,"farmersdelight:rice_panicle":19,"aoa3:carved_rune_of_space":3,"gravestone:obituary":1,"minecraft:brick":22,"minecraft:string":7,"aoa3:jade":3,"minecraft:oak_sign":1,"minecraft:cobbled_deepslate":2,"minecraft:spruce_planks":1,"minecraft:rose_bush":2,"minecraft:cobblestone_slab":216,"minecraft:birch_sapling":2,"minecraft:furnace":6,"minecraft:golden_helmet":1,"minecraft:stick":262,"minecraft:raw_iron":55,"iceandfire:ghost_chest":1,"minecraft:big_dripleaf":1,"minecraft:torch":7,"minecraft:green_bed":4,"create:copper_backtank":1,"minecraft:diorite":117,"minecraft:carrot":6,"minecraft:arrow":33,"minecraft:rotten_flesh":16,"minecraft:hay_block":9,"aoa3:raw_limonite":54,"minecraft:white_terracotta":2,"minecraft:glow_berries":1,"minecraft:mutton":8,"minecraft:bone_block":5,"minecraft:white_wool":5,"minecraft:cobblestone":995,"minecraft:birch_log":14,"minecraft:lime_bed":3,"minecraft:feather":7,"minecraft:glow_ink_sac":2,"minecraft:andesite":42,"minecraft:salmon":1,"minecraft:oak_log":84,"evilcraft:flesh_humanoid":6,"minecraft:gunpowder":2,"minecraft:lantern":1,"minecraft:lapis_lazuli":94,"minecraft:dirt":163,"minecraft:paper":60,"minecraft:orange_terracotta":3,"minecraft:bone":36,"minecraft:stone_bricks":1,"cyclic:flower_purple_tulip":1,"minecraft:stone_pickaxe":1,"create:shaft":13,"minecraft:stripped_oak_wood":1,"cyclic:mattock_stone":1,"minecraft:oak_planks":42,"minecraft:book":33,"minecraft:gravel":1,"minecraft:sand":25,"aoa3:scrap_metal":6,"create:copper_diving_helmet":1,"minecraft:writable_book":2,"evilcraft:dark_gem":5,"minecraft:granite":71,"minecraft:terracotta":4,"minecraft:oak_sapling":47,"minecraft:coal":111,"iceandfire:raw_silver":8},"minecraft:broken":{"minecraft:golden_helmet":1,"minecraft:wooden_pickaxe":2,"minecraft:stone_pickaxe":2},"minecraft:custom":{"minecraft:mob_kills":23,"minecraft:interact_with_crafting_table":20,"minecraft:open_barrel":5,"minecraft:leave_game":10,"minecraft:time_since_death":0,"minecraft:climb_one_cm":16494,"minecraft:sprint_one_cm":313932,"minecraft:walk_one_cm":555395,"minecraft:drop":51,"minecraft:play_noteblock":1,"minecraft:talked_to_villager":2,"minecraft:play_time":195213,"minecraft:deaths":27,"minecraft:sneak_time":5084,"minecraft:walk_under_water_one_cm":52276,"minecraft:jump":2068,"minecraft:walk_on_water_one_cm":71176,"minecraft:total_world_time":195213,"minecraft:interact_with_furnace":42,"minecraft:sleep_in_bed":4,"minecraft:time_since_rest":50,"minecraft:damage_taken":8427,"minecraft:damage_dealt":3078,"minecraft:swim_one_cm":49862,"minecraft:fly_one_cm":204869,"minecraft:player_kills":1,"minecraft:open_chest":67,"minecraft:crouch_one_cm":8591,"minecraft:fall_one_cm":35283}},"DataVersion":3465}