{"stats":{"minecraft:killed_by":{"minecraft:player":1,"minecraft:creeper":2,"minecraft:spider":3,"minecraft:hoglin":1,"minecraft:skeleton":11,"minecraft:zombie":5,"iceandfire:ghost":1},"minecraft:used":{"minecraft:beetroot":2,"iceandfire:silver_sword":34,"minecraft:ladder":2,"minecraft:chest":1,"farmersdelight:stove":2,"minecraft:stone_hoe":21,"minecraft:rotten_flesh":2,"minecraft:torch":41,"minecraft:dirt":120,"minecraft:wooden_axe":89,"cyclic:flower_purple_tulip":1,"evilcraft:flesh_humanoid":1,"minecraft:furnace":5,"minecraft:oak_sapling":1,"farmersdelight:cooking_pot":2,"minecraft:cooked_beef":3,"minecraft:orange_terracotta":3,"farmersdelight:cooked_rice":5,"minecraft:wheat_seeds":20,"minecraft:water_bucket":4,"minecraft:diorite":50,"minecraft:stone_pickaxe":340,"minecraft:oak_planks":34,"aoa3:limonite_sword":14,"minecraft:wooden_pickaxe":115,"minecraft:cobblestone_slab":18,"minecraft:green_bed":6,"create:copper_diving_helmet":1,"minecraft:glow_berries":1,"minecraft:terracotta":4,"minecraft:sand":20,"minecraft:lime_bed":2,"minecraft:crafting_table":5,"farmersdelight:rice":20,"iceandfire:silver_pickaxe":218,"create:copper_backtank":1,"minecraft:bread":9,"minecraft:cobblestone":155,"cyclic:mattock_stone":469,"minecraft:bucket":6,"minecraft:bone_meal":51,"create:large_cogwheel":1},"minecraft:broken":{"minecraft:golden_helmet":1,"minecraft:wooden_pickaxe":2,"minecraft:stone_pickaxe":2},"minecraft:crafted":{"minecraft:brick":20,"minecraft:oak_planks":116,"farmersdelight:cooked_rice":2,"minecraft:bone_meal":51,"minecraft:stone_pickaxe":3,"farmersdelight:rice":25,"minecraft:chest":1,"minecraft:bricks":4,"minecraft:stone_hoe":1,"minecraft:wheat":81,"farmersdelight:stove":1,"minecraft:cooked_beef":4,"minecraft:wooden_shovel":1,"iceandfire:silver_ingot":4,"minecraft:crafting_table":2,"minecraft:wooden_pickaxe":2,"aoa3:limonite_sword":1,"minecraft:bowl":12,"aoa3:limonite_pickaxe":1,"farmersdelight:cooking_pot":1,"minecraft:bucket":1,"minecraft:campfire":1,"minecraft:bread":28,"minecraft:air":0,"minecraft:stick":4,"minecraft:iron_ingot":11,"minecraft:wooden_axe":2,"aoa3:limonite_ingot":31,"minecraft:torch":52,"iceandfire:silver_pickaxe":1,"iceandfire:silver_sword":1},"minecraft:killed":{"minecraft:witch":1,"aoa3:charger":1,"minecraft:spider":1,"minecraft:skeleton":6,"minecraft:salmon":1,"aoa3:cyclops":1,"minecraft:sheep":2,"minecraft:zombie":5},"minecraft:mined":{"iceandfire:silver_ore":5,"gravestone:gravestone":13,"minecraft:granite":36,"minecraft:red_sand":1,"minecraft:grass_block":3,"create:large_cogwheel":1,"iceandfire:deepslate_silver_ore":2,"minecraft:hay_block":9,"minecraft:furnace":1,"minecraft:iron_ore":16,"minecraft:fire":37,"minecraft:andesite":27,"minecraft:deepslate_lapis_ore":3,"minecraft:bookshelf":11,"minecraft:deepslate_iron_ore":29,"farmersdelight:rice_panicles":24,"minecraft:stone":647,"minecraft:bone_block":8,"minecraft:white_wool":1,"minecraft:green_bed":6,"minecraft:melon_stem":1,"cyclic:flower_purple_tulip":1,"minecraft:clay":10,"minecraft:crafting_table":2,"minecraft:dead_bush":149,"minecraft:rose_bush":2,"minecraft:copper_ore":4,"minecraft:cobblestone":74,"minecraft:deepslate_coal_ore":9,"minecraft:lapis_ore":5,"minecraft:oak_planks":1,"aoa3:deepslate_limonite_ore":25,"minecraft:diorite":35,"minecraft:wall_torch":2,"aoa3:limonite_ore":28,"minecraft:lime_bed":3,"aoa3:deepslate_jade_ore":1,"evilcraft:dark_ore_deepslate":2,"minecraft:birch_log":8,"minecraft:wheat":15,"minecraft:oak_log":70,"minecraft:coal_ore":83,"minecraft:beetroots":6,"minecraft:gravel":11,"minecraft:sand":22,"minecraft:dirt":110,"minecraft:stone_bricks":1,"minecraft:oak_leaves":23,"minecraft:deepslate":2},"minecraft:dropped":{"minecraft:feather":1,"farmersdelight:cooked_rice":2,"minecraft:diorite":37,"iceandfire:silver_sword":1,"minecraft:wooden_axe":1,"gravestone:obituary":30,"minecraft:sand":5,"create:shaft":6,"minecraft:rotten_flesh":6,"minecraft:andesite":11,"minecraft:chainmail_boots":2,"aoa3:jade":1,"minecraft:red_sand":8},"minecraft:custom":{"minecraft:mob_kills":25,"minecraft:interact_with_crafting_table":24,"minecraft:open_barrel":5,"minecraft:leave_game":10,"minecraft:time_since_death":38043,"minecraft:climb_one_cm":17528,"minecraft:sprint_one_cm":352839,"minecraft:walk_one_cm":670430,"minecraft:drop":71,"minecraft:play_noteblock":1,"minecraft:talked_to_villager":6,"minecraft:play_time":233256,"minecraft:deaths":27,"minecraft:sneak_time":6838,"minecraft:walk_under_water_one_cm":77591,"minecraft:boat_one_cm":3283,"minecraft:jump":2308,"minecraft:walk_on_water_one_cm":94433,"minecraft:total_world_time":233256,"minecraft:interact_with_furnace":47,"minecraft:sleep_in_bed":7,"minecraft:time_since_rest":1494,"minecraft:damage_taken":8870,"minecraft:damage_dealt":3362,"minecraft:swim_one_cm":61973,"minecraft:fly_one_cm":217551,"minecraft:player_kills":1,"minecraft:open_chest":92,"minecraft:crouch_one_cm":11835,"minecraft:fall_one_cm":36844},"minecraft:picked_up":{"minecraft:wooden_axe":4,"minecraft:crafting_table":3,"minecraft:wheat":4,"minecraft:chainmail_boots":2,"minecraft:clay_ball":40,"aoa3:copper_coin":40,"minecraft:chicken":2,"minecraft:ladder":4,"aoa3:medium_skill_crystal":6,"minecraft:wooden_pickaxe":2,"farmersdelight:rice_panicle":24,"aoa3:carved_rune_of_space":3,"gravestone:obituary":7,"minecraft:brick":22,"minecraft:raw_copper":12,"minecraft:string":7,"aoa3:jade":3,"minecraft:oak_sign":1,"minecraft:beetroot":4,"minecraft:red_sand":8,"minecraft:cobbled_deepslate":2,"minecraft:spruce_planks":1,"minecraft:oak_boat":1,"minecraft:rose_bush":2,"minecraft:cobblestone_slab":216,"minecraft:birch_sapling":2,"minecraft:furnace":7,"minecraft:golden_helmet":1,"minecraft:stick":262,"minecraft:raw_iron":55,"iceandfire:ghost_chest":1,"minecraft:big_dripleaf":1,"minecraft:torch":10,"minecraft:green_bed":6,"create:copper_backtank":1,"minecraft:diorite":172,"minecraft:carrot":6,"create:large_cogwheel":1,"minecraft:arrow":37,"minecraft:rotten_flesh":16,"minecraft:beetroot_seeds":22,"minecraft:hay_block":9,"aoa3:raw_limonite":54,"minecraft:white_terracotta":2,"minecraft:glow_berries":1,"minecraft:mutton":8,"minecraft:bone_block":5,"minecraft:white_wool":5,"minecraft:cobblestone":1196,"minecraft:birch_log":14,"minecraft:lime_bed":3,"minecraft:feather":7,"minecraft:glow_ink_sac":2,"minecraft:andesite":52,"minecraft:salmon":1,"minecraft:oak_log":84,"evilcraft:flesh_humanoid":6,"minecraft:gunpowder":2,"minecraft:lantern":1,"minecraft:lapis_lazuli":94,"minecraft:dirt":166,"minecraft:paper":60,"minecraft:orange_terracotta":3,"minecraft:bone":37,"minecraft:stone_bricks":1,"cyclic:flower_purple_tulip":1,"minecraft:wheat_seeds":44,"minecraft:stone_pickaxe":1,"create:shaft":13,"minecraft:stripped_oak_wood":1,"cyclic:mattock_stone":1,"minecraft:oak_planks":42,"minecraft:book":33,"minecraft:gravel":13,"minecraft:sand":47,"aoa3:scrap_metal":6,"create:copper_diving_helmet":1,"iceandfire:silver_sword":1,"minecraft:writable_book":2,"evilcraft:dark_gem":5,"minecraft:granite":71,"minecraft:terracotta":4,"minecraft:oak_sapling":47,"minecraft:melon_seeds":4,"minecraft:coal":129,"iceandfire:raw_silver":9}},"DataVersion":3465}