{"stats":{"minecraft:picked_up":{"minecraft:wooden_axe":4,"minecraft:crafting_table":4,"minecraft:wheat":65,"minecraft:chicken":2,"minecraft:clay_ball":40,"minecraft:chainmail_boots":2,"aoa3:copper_coin":95,"minecraft:ladder":4,"aoa3:medium_skill_crystal":6,"farmersdelight:rice_panicle":30,"minecraft:wooden_pickaxe":2,"aoa3:carved_rune_of_space":4,"gravestone:obituary":8,"aoa3:carved_rune_of_direction":1,"minecraft:brick":22,"minecraft:string":11,"minecraft:raw_copper":30,"aoa3:jade":3,"minecraft:oak_sign":1,"minecraft:beetroot":4,"minecraft:red_sand":8,"minecraft:cobbled_deepslate":2,"farmersdelight:cabbage":3,"minecraft:spruce_planks":1,"aoa3:raw_charger_shank":12,"minecraft:oak_boat":1,"minecraft:rose_bush":2,"minecraft:cobblestone_slab":216,"minecraft:iron_nugget":11,"minecraft:poppy":1,"minecraft:melon_slice":72,"minecraft:birch_sapling":2,"farmersdelight:cabbage_seeds":8,"minecraft:furnace":7,"minecraft:egg":6,"minecraft:golden_helmet":1,"minecraft:stick":363,"minecraft:raw_iron":70,"iceandfire:ghost_chest":1,"minecraft:big_dripleaf":1,"minecraft:torch":14,"minecraft:green_bed":6,"minecraft:porkchop":3,"farmersdelight:tomato_seeds":7,"iceandfire:rotten_egg":1,"minecraft:cherry_log":289,"create:copper_backtank":1,"minecraft:diorite":293,"minecraft:carrot":6,"aoa3:carved_rune_of_travel":1,"create:large_cogwheel":1,"minecraft:arrow":37,"minecraft:rotten_flesh":27,"minecraft:beetroot_seeds":22,"minecraft:hay_block":9,"aoa3:raw_limonite":64,"minecraft:white_terracotta":2,"minecraft:glow_berries":1,"minecraft:mutton":8,"minecraft:bone_block":5,"minecraft:white_wool":11,"minecraft:cobblestone":1522,"minecraft:birch_log":14,"minecraft:lime_bed":3,"minecraft:feather":33,"farmersdelight:rice":1,"aoa3:carved_rune_of_reality":2,"minecraft:glow_ink_sac":2,"minecraft:salmon":1,"minecraft:andesite":52,"minecraft:oak_log":85,"evilcraft:flesh_humanoid":8,"minecraft:gunpowder":4,"minecraft:lapis_lazuli":94,"minecraft:dirt":212,"minecraft:paper":60,"minecraft:lantern":1,"cyclic:flower_cyan":1,"minecraft:orange_terracotta":3,"minecraft:bone":79,"minecraft:stone_bricks":1,"cyclic:flower_purple_tulip":1,"minecraft:wheat_seeds":226,"minecraft:iron_ingot":1,"aoa3:sharp_claw":8,"minecraft:stone_pickaxe":1,"create:shaft":13,"minecraft:stripped_oak_wood":1,"minecraft:rabbit":1,"cyclic:mattock_stone":1,"minecraft:oak_planks":42,"aoa3:torn_cloth":2,"minecraft:book":33,"minecraft:cooked_porkchop":6,"minecraft:gravel":13,"minecraft:sand":50,"aoa3:scrap_metal":9,"minecraft:spider_eye":2,"create:copper_diving_helmet":1,"cyclic:shearing":1,"iceandfire:silver_sword":1,"minecraft:writable_book":2,"evilcraft:dark_gem":15,"minecraft:granite":72,"minecraft:cherry_sapling":175,"minecraft:terracotta":4,"minecraft:oak_sapling":47,"minecraft:melon_seeds":6,"minecraft:black_wool":2,"minecraft:coal":207,"iceandfire:raw_silver":9},"minecraft:used":{"minecraft:beetroot":2,"minecraft:cherry_sapling":28,"minecraft:stone_sword":283,"iceandfire:silver_sword":52,"aoa3:cooked_charger_shank":6,"farmersdelight:cabbage_seeds":9,"minecraft:ladder":2,"minecraft:chest":1,"farmersdelight:stove":2,"aoa3:limonite_axe":302,"minecraft:rotten_flesh":2,"minecraft:stone_hoe":33,"minecraft:torch":49,"minecraft:dirt":149,"minecraft:cobblestone_wall":9,"minecraft:wooden_axe":89,"cyclic:flower_purple_tulip":1,"evilcraft:flesh_humanoid":1,"minecraft:oak_sapling":1,"minecraft:furnace":6,"farmersdelight:cooking_pot":2,"minecraft:egg":1,"minecraft:cooked_beef":3,"farmersdelight:tomato_seeds":8,"minecraft:orange_terracotta":3,"minecraft:cherry_log":25,"farmersdelight:cooked_rice":9,"minecraft:wheat_seeds":95,"minecraft:water_bucket":4,"minecraft:diorite":62,"aoa3:limonite_pickaxe":36,"minecraft:stone_pickaxe":340,"minecraft:oak_planks":34,"aoa3:limonite_sword":28,"minecraft:wooden_pickaxe":115,"minecraft:green_bed":6,"create:copper_diving_helmet":1,"minecraft:cobblestone_slab":18,"minecraft:glow_berries":1,"minecraft:terracotta":4,"minecraft:sand":20,"minecraft:lime_bed":2,"minecraft:crafting_table":7,"farmersdelight:rice":21,"iceandfire:silver_pickaxe":225,"aoa3:tea_seeds":2,"create:copper_backtank":2,"minecraft:melon_slice":39,"minecraft:bread":36,"minecraft:cobblestone":260,"cyclic:mattock_stone":1021,"minecraft:cooked_porkchop":5,"minecraft:bucket":6,"cyclic:shearing":1,"minecraft:bone_meal":51,"create:large_cogwheel":1},"minecraft:broken":{"minecraft:golden_helmet":1,"minecraft:stone_sword":2,"cyclic:mattock_stone":1,"minecraft:wooden_pickaxe":2,"minecraft:stone_pickaxe":2,"aoa3:limonite_axe":1},"minecraft:dropped":{"minecraft:wheat_seeds":1,"minecraft:cherry_log":8,"cyclic:flower_cyan":1,"minecraft:feather":1,"minecraft:cobblestone":1,"farmersdelight:cooked_rice":2,"aoa3:carved_rune_of_reality":1,"minecraft:stick":10,"minecraft:diorite":37,"iceandfire:silver_sword":1,"minecraft:wooden_axe":1,"gravestone:obituary":34,"minecraft:sand":5,"create:shaft":6,"minecraft:cherry_sapling":1,"minecraft:rotten_flesh":9,"evilcraft:flesh_humanoid":1,"minecraft:andesite":11,"minecraft:chainmail_boots":2,"aoa3:jade":1,"minecraft:red_sand":8},"minecraft:killed":{"minecraft:witch":1,"aoa3:charger":14,"minecraft:spider":6,"minecraft:zombie_horse":3,"minecraft:skeleton":6,"minecraft:silverfish":3,"minecraft:drowned":3,"minecraft:skeleton_horse":2,"aoa3:ancient_golem":1,"minecraft:pig":1,"minecraft:salmon":1,"minecraft:rabbit":1,"aoa3:cyclops":1,"minecraft:sheep":2,"minecraft:zombie":11,"aoa3:goblin":26},"minecraft:killed_by":{"minecraft:player":1,"minecraft:creeper":2,"minecraft:spider":4,"minecraft:hoglin":1,"minecraft:skeleton":11,"minecraft:zombie":6,"iceandfire:ghost":4},"minecraft:crafted":{"minecraft:brick":20,"minecraft:cherry_planks":992,"minecraft:oak_planks":120,"farmersdelight:cooked_rice":2,"minecraft:furnace":1,"minecraft:bone_meal":51,"aoa3:limonite_axe":3,"aoa3:cooked_charger_shank":13,"minecraft:bow":1,"minecraft:melon_seeds":1,"minecraft:stone_pickaxe":3,"farmersdelight:rice":31,"minecraft:chest":1,"minecraft:bricks":4,"minecraft:stone_hoe":1,"minecraft:wheat":81,"minecraft:cooked_beef":4,"farmersdelight:stove":1,"minecraft:wooden_shovel":1,"minecraft:emerald":52,"iceandfire:silver_ingot":4,"minecraft:cooked_porkchop":12,"minecraft:crafting_table":3,"minecraft:wooden_pickaxe":2,"aoa3:limonite_sword":2,"minecraft:bowl":12,"aoa3:limonite_pickaxe":2,"farmersdelight:cooking_pot":1,"minecraft:bucket":1,"minecraft:campfire":1,"minecraft:bread":47,"minecraft:air":0,"farmersdelight:fried_egg":2,"minecraft:stick":1980,"minecraft:iron_ingot":11,"minecraft:wooden_axe":2,"minecraft:stone_sword":3,"aoa3:limonite_ingot":31,"minecraft:torch":52,"iceandfire:silver_pickaxe":1,"iceandfire:silver_sword":1},"minecraft:mined":{"iceandfire:silver_ore":5,"minecraft:cherry_log":288,"minecraft:cherry_sapling":1,"minecraft:granite":37,"gravestone:gravestone":18,"minecraft:red_sand":1,"minecraft:grass_block":9,"create:large_cogwheel":1,"iceandfire:deepslate_silver_ore":2,"farmersdelight:tomatoes":4,"minecraft:hay_block":9,"farmersdelight:wild_onions":1,"minecraft:furnace":1,"minecraft:iron_ore":29,"minecraft:fire":37,"minecraft:andesite":27,"evilcraft:dark_ore":2,"minecraft:deepslate_lapis_ore":3,"minecraft:bookshelf":11,"minecraft:deepslate_iron_ore":29,"farmersdelight:rice_panicles":30,"minecraft:stone":978,"minecraft:bone_block":8,"minecraft:white_wool":1,"minecraft:green_bed":6,"minecraft:melon_stem":1,"cyclic:flower_purple_tulip":1,"minecraft:clay":10,"minecraft:crafting_table":3,"minecraft:melon":16,"minecraft:rose_bush":2,"minecraft:dead_bush":150,"minecraft:copper_ore":9,"minecraft:tall_grass":7,"minecraft:deepslate_coal_ore":9,"farmersdelight:cabbages":3,"minecraft:cobblestone":77,"farmersdelight:wild_tomatoes":9,"minecraft:lapis_ore":5,"minecraft:oak_planks":3,"minecraft:diorite":156,"aoa3:deepslate_limonite_ore":25,"minecraft:wall_torch":3,"aoa3:limonite_ore":37,"minecraft:lime_bed":3,"aoa3:deepslate_jade_ore":1,"evilcraft:dark_ore_deepslate":2,"minecraft:birch_log":8,"minecraft:wheat":83,"cyclic:shearing":1,"minecraft:grass":29,"minecraft:coal_ore":135,"minecraft:oak_log":71,"minecraft:beetroots":6,"minecraft:cherry_leaves":39,"minecraft:gravel":11,"minecraft:sand":25,"minecraft:dirt":122,"minecraft:stone_bricks":1,"minecraft:oak_leaves":23,"minecraft:deepslate":2,"minecraft:infested_stone":1},"minecraft:custom":{"minecraft:mob_kills":97,"minecraft:interact_with_crafting_table":41,"minecraft:open_barrel":5,"minecraft:leave_game":14,"minecraft:time_since_death":107891,"minecraft:climb_one_cm":28815,"minecraft:sprint_one_cm":896160,"minecraft:walk_one_cm":1190996,"minecraft:drop":86,"minecraft:play_noteblock":1,"minecraft:talked_to_villager":30,"minecraft:play_time":374891,"minecraft:sneak_time":9042,"minecraft:deaths":32,"minecraft:walk_under_water_one_cm":98566,"minecraft:boat_one_cm":3283,"minecraft:jump":4347,"minecraft:walk_on_water_one_cm":183850,"minecraft:total_world_time":374891,"minecraft:interact_with_furnace":53,"minecraft:traded_with_villager":53,"minecraft:sleep_in_bed":12,"minecraft:time_since_rest":8082,"minecraft:damage_taken":12486,"minecraft:trigger_trapped_chest":2,"minecraft:damage_dealt":16275,"minecraft:player_kills":1,"minecraft:swim_one_cm":73873,"minecraft:fly_one_cm":485037,"minecraft:open_chest":156,"minecraft:crouch_one_cm":15006,"minecraft:fall_one_cm":64624}},"DataVersion":3465}