{"stats":{"minecraft:killed":{"minecraft:witch":1,"aoa3:charger":7,"minecraft:spider":6,"minecraft:zombie_horse":2,"minecraft:skeleton":6,"minecraft:silverfish":3,"minecraft:drowned":3,"minecraft:skeleton_horse":2,"aoa3:ancient_golem":1,"minecraft:pig":1,"minecraft:salmon":1,"aoa3:cyclops":1,"minecraft:sheep":2,"aoa3:goblin":19,"minecraft:zombie":11},"minecraft:killed_by":{"minecraft:player":1,"minecraft:creeper":2,"minecraft:spider":4,"minecraft:hoglin":1,"minecraft:skeleton":11,"minecraft:zombie":6,"iceandfire:ghost":4},"minecraft:crafted":{"minecraft:brick":20,"minecraft:cherry_planks":456,"minecraft:oak_planks":120,"farmersdelight:cooked_rice":2,"minecraft:furnace":1,"minecraft:bone_meal":51,"aoa3:limonite_axe":1,"aoa3:cooked_charger_shank":6,"minecraft:melon_seeds":1,"minecraft:stone_pickaxe":3,"farmersdelight:rice":31,"minecraft:chest":1,"minecraft:bricks":4,"minecraft:stone_hoe":1,"minecraft:wheat":81,"minecraft:cooked_beef":4,"farmersdelight:stove":1,"minecraft:wooden_shovel":1,"minecraft:emerald":20,"iceandfire:silver_ingot":4,"minecraft:crafting_table":3,"minecraft:wooden_pickaxe":2,"aoa3:limonite_sword":2,"minecraft:bowl":12,"aoa3:limonite_pickaxe":2,"farmersdelight:cooking_pot":1,"minecraft:bucket":1,"minecraft:campfire":1,"minecraft:bread":47,"minecraft:air":0,"minecraft:stick":916,"minecraft:iron_ingot":11,"minecraft:wooden_axe":2,"minecraft:stone_sword":3,"aoa3:limonite_ingot":31,"minecraft:torch":52,"iceandfire:silver_pickaxe":1,"iceandfire:silver_sword":1},"minecraft:picked_up":{"minecraft:wooden_axe":4,"minecraft:crafting_table":4,"minecraft:wheat":65,"aoa3:medium_skill_crystal":6,"minecraft:chainmail_boots":2,"aoa3:copper_coin":85,"minecraft:chicken":2,"minecraft:ladder":4,"minecraft:clay_ball":40,"minecraft:wooden_pickaxe":2,"farmersdelight:rice_panicle":30,"aoa3:carved_rune_of_space":4,"aoa3:carved_rune_of_direction":1,"gravestone:obituary":7,"minecraft:brick":22,"minecraft:string":11,"minecraft:raw_copper":30,"aoa3:jade":3,"minecraft:oak_sign":1,"minecraft:beetroot":4,"minecraft:cobbled_deepslate":2,"minecraft:red_sand":8,"farmersdelight:cabbage":3,"minecraft:spruce_planks":1,"aoa3:raw_charger_shank":6,"minecraft:oak_boat":1,"minecraft:rose_bush":2,"minecraft:cobblestone_slab":216,"minecraft:poppy":1,"minecraft:iron_nugget":9,"minecraft:melon_slice":72,"minecraft:birch_sapling":2,"farmersdelight:cabbage_seeds":8,"minecraft:egg":2,"minecraft:furnace":7,"minecraft:golden_helmet":1,"minecraft:stick":304,"minecraft:raw_iron":70,"iceandfire:ghost_chest":1,"minecraft:big_dripleaf":1,"minecraft:torch":14,"minecraft:green_bed":6,"minecraft:porkchop":3,"farmersdelight:tomato_seeds":7,"minecraft:cherry_log":145,"create:copper_backtank":1,"minecraft:diorite":293,"minecraft:carrot":6,"aoa3:carved_rune_of_travel":1,"create:large_cogwheel":1,"minecraft:arrow":37,"minecraft:rotten_flesh":23,"minecraft:beetroot_seeds":22,"minecraft:hay_block":9,"aoa3:raw_limonite":64,"minecraft:white_terracotta":2,"minecraft:glow_berries":1,"minecraft:mutton":8,"minecraft:cobblestone":1522,"minecraft:bone_block":5,"minecraft:white_wool":11,"minecraft:birch_log":14,"minecraft:lime_bed":3,"minecraft:feather":18,"aoa3:carved_rune_of_reality":2,"farmersdelight:rice":1,"minecraft:glow_ink_sac":2,"minecraft:andesite":52,"minecraft:salmon":1,"minecraft:oak_log":85,"evilcraft:flesh_humanoid":8,"minecraft:gunpowder":4,"minecraft:lantern":1,"minecraft:lapis_lazuli":94,"minecraft:dirt":211,"minecraft:paper":60,"cyclic:flower_cyan":1,"minecraft:orange_terracotta":3,"minecraft:bone":65,"minecraft:stone_bricks":1,"cyclic:flower_purple_tulip":1,"minecraft:wheat_seeds":226,"aoa3:sharp_claw":4,"minecraft:iron_ingot":1,"minecraft:stone_pickaxe":1,"create:shaft":13,"minecraft:stripped_oak_wood":1,"cyclic:mattock_stone":1,"minecraft:oak_planks":42,"aoa3:torn_cloth":1,"minecraft:book":33,"minecraft:cooked_porkchop":6,"minecraft:gravel":13,"minecraft:sand":50,"aoa3:scrap_metal":9,"minecraft:spider_eye":2,"create:copper_diving_helmet":1,"cyclic:shearing":1,"iceandfire:silver_sword":1,"minecraft:writable_book":2,"evilcraft:dark_gem":15,"minecraft:granite":72,"minecraft:cherry_sapling":86,"minecraft:terracotta":4,"minecraft:black_wool":2,"minecraft:oak_sapling":47,"minecraft:melon_seeds":6,"minecraft:coal":205,"iceandfire:raw_silver":9},"minecraft:used":{"minecraft:beetroot":2,"minecraft:cherry_sapling":22,"minecraft:stone_sword":200,"iceandfire:silver_sword":52,"aoa3:cooked_charger_shank":3,"farmersdelight:cabbage_seeds":9,"minecraft:ladder":2,"minecraft:chest":1,"farmersdelight:stove":2,"aoa3:limonite_axe":147,"minecraft:rotten_flesh":2,"minecraft:stone_hoe":33,"minecraft:torch":49,"minecraft:dirt":149,"minecraft:cobblestone_wall":9,"minecraft:wooden_axe":89,"cyclic:flower_purple_tulip":1,"evilcraft:flesh_humanoid":1,"minecraft:oak_sapling":1,"minecraft:furnace":6,"farmersdelight:cooking_pot":2,"minecraft:egg":1,"minecraft:cooked_beef":3,"farmersdelight:tomato_seeds":8,"minecraft:cherry_log":7,"minecraft:orange_terracotta":3,"farmersdelight:cooked_rice":9,"minecraft:wheat_seeds":95,"minecraft:water_bucket":4,"minecraft:diorite":62,"aoa3:limonite_pickaxe":36,"minecraft:stone_pickaxe":340,"minecraft:oak_planks":34,"aoa3:limonite_sword":28,"minecraft:wooden_pickaxe":115,"minecraft:cobblestone_slab":18,"minecraft:green_bed":6,"create:copper_diving_helmet":1,"minecraft:glow_berries":1,"minecraft:terracotta":4,"minecraft:sand":20,"minecraft:lime_bed":2,"minecraft:crafting_table":7,"farmersdelight:rice":21,"iceandfire:silver_pickaxe":225,"aoa3:tea_seeds":2,"create:copper_backtank":2,"minecraft:melon_slice":39,"minecraft:bread":36,"minecraft:cobblestone":260,"cyclic:mattock_stone":1021,"minecraft:bucket":6,"cyclic:shearing":1,"minecraft:bone_meal":51,"create:large_cogwheel":1},"minecraft:mined":{"iceandfire:silver_ore":5,"minecraft:cherry_log":145,"minecraft:cherry_sapling":1,"gravestone:gravestone":18,"minecraft:granite":37,"minecraft:red_sand":1,"minecraft:grass_block":9,"create:large_cogwheel":1,"iceandfire:deepslate_silver_ore":2,"farmersdelight:tomatoes":4,"farmersdelight:wild_onions":1,"minecraft:hay_block":9,"minecraft:furnace":1,"minecraft:iron_ore":29,"minecraft:fire":37,"minecraft:andesite":27,"evilcraft:dark_ore":2,"minecraft:deepslate_lapis_ore":3,"minecraft:bookshelf":11,"minecraft:deepslate_iron_ore":29,"farmersdelight:rice_panicles":30,"minecraft:stone":978,"minecraft:bone_block":8,"minecraft:white_wool":1,"minecraft:green_bed":6,"minecraft:melon_stem":1,"cyclic:flower_purple_tulip":1,"minecraft:clay":10,"minecraft:crafting_table":3,"minecraft:melon":16,"minecraft:dead_bush":150,"minecraft:rose_bush":2,"minecraft:tall_grass":5,"farmersdelight:cabbages":3,"minecraft:copper_ore":9,"minecraft:cobblestone":77,"minecraft:deepslate_coal_ore":9,"farmersdelight:wild_tomatoes":9,"minecraft:lapis_ore":5,"minecraft:oak_planks":3,"aoa3:deepslate_limonite_ore":25,"minecraft:diorite":156,"minecraft:wall_torch":3,"aoa3:limonite_ore":37,"minecraft:lime_bed":3,"aoa3:deepslate_jade_ore":1,"evilcraft:dark_ore_deepslate":2,"minecraft:birch_log":8,"cyclic:shearing":1,"minecraft:wheat":83,"minecraft:grass":21,"minecraft:oak_log":71,"minecraft:coal_ore":135,"minecraft:beetroots":6,"minecraft:cherry_leaves":24,"minecraft:gravel":11,"minecraft:sand":25,"minecraft:dirt":122,"minecraft:stone_bricks":1,"minecraft:oak_leaves":23,"minecraft:deepslate":2,"minecraft:infested_stone":1},"minecraft:custom":{"minecraft:mob_kills":80,"minecraft:interact_with_crafting_table":37,"minecraft:open_barrel":5,"minecraft:leave_game":12,"minecraft:time_since_death":70404,"minecraft:climb_one_cm":26961,"minecraft:sprint_one_cm":715620,"minecraft:walk_one_cm":1075189,"minecraft:drop":86,"minecraft:play_noteblock":1,"minecraft:talked_to_villager":20,"minecraft:play_time":337404,"minecraft:sneak_time":8909,"minecraft:deaths":32,"minecraft:walk_under_water_one_cm":96897,"minecraft:boat_one_cm":3283,"minecraft:jump":3777,"minecraft:walk_on_water_one_cm":178026,"minecraft:total_world_time":337404,"minecraft:interact_with_furnace":50,"minecraft:traded_with_villager":20,"minecraft:sleep_in_bed":10,"minecraft:time_since_rest":37435,"minecraft:damage_taken":12314,"minecraft:trigger_trapped_chest":2,"minecraft:damage_dealt":13248,"minecraft:swim_one_cm":73873,"minecraft:player_kills":1,"minecraft:fly_one_cm":384706,"minecraft:open_chest":140,"minecraft:crouch_one_cm":14856,"minecraft:fall_one_cm":57556},"minecraft:broken":{"minecraft:golden_helmet":1,"minecraft:stone_sword":1,"cyclic:mattock_stone":1,"minecraft:wooden_pickaxe":2,"minecraft:stone_pickaxe":2},"minecraft:dropped":{"minecraft:wheat_seeds":1,"minecraft:cherry_log":8,"cyclic:flower_cyan":1,"minecraft:feather":1,"minecraft:cobblestone":1,"farmersdelight:cooked_rice":2,"aoa3:carved_rune_of_reality":1,"minecraft:stick":10,"minecraft:diorite":37,"iceandfire:silver_sword":1,"minecraft:wooden_axe":1,"gravestone:obituary":34,"minecraft:sand":5,"create:shaft":6,"minecraft:cherry_sapling":1,"minecraft:rotten_flesh":9,"evilcraft:flesh_humanoid":1,"minecraft:andesite":11,"minecraft:chainmail_boots":2,"aoa3:jade":1,"minecraft:red_sand":8}},"DataVersion":3465}