{"stats":{"minecraft:used":{"minecraft:stone_sword":46,"minecraft:red_sand":1,"minecraft:iron_sword":85,"aoa3:raw_charger_shank":2,"minecraft:iron_chestplate":1,"minecraft:torch":5,"minecraft:dirt":4,"minecraft:jungle_planks":9,"minecraft:wooden_axe":13,"minecraft:bricks":1,"minecraft:iron_axe":1,"minecraft:smooth_sandstone":4,"evilcraft:flesh_humanoid":1,"minecraft:stone_bricks":1,"minecraft:furnace":4,"minecraft:cooked_beef":2,"minecraft:orange_terracotta":2,"minecraft:stone_pickaxe":138,"minecraft:oak_planks":5,"minecraft:wooden_pickaxe":8,"minecraft:sandstone":4,"minecraft:cut_sandstone":3,"minecraft:green_bed":2,"minecraft:sand":18,"minecraft:crafting_table":7,"minecraft:lime_bed":3,"minecraft:white_bed":2,"minecraft:black_bed":1,"minecraft:lever":1,"minecraft:apple":2,"minecraft:bread":4,"minecraft:iron_pickaxe":10,"minecraft:stone_axe":21,"minecraft:cobblestone":42,"minecraft:porkchop":1},"minecraft:killed_by":{"minecraft:husk":1,"minecraft:zombie_villager":1,"minecraft:wither_skeleton":1,"minecraft:spider":1,"iceandfire:amphithere":2,"minecraft:hoglin":2,"minecraft:skeleton":17,"minecraft:zombie":6},"minecraft:crafted":{"minecraft:oak_planks":72,"minecraft:cooked_chicken":1,"minecraft:furnace":2,"minecraft:stone":1,"minecraft:lever":1,"cyclic:crafting_stick":2,"minecraft:cooked_mutton":4,"minecraft:stone_pickaxe":4,"minecraft:cooked_beef":4,"minecraft:cooked_porkchop":2,"minecraft:crafting_table":3,"minecraft:wooden_pickaxe":2,"minecraft:iron_sword":1,"minecraft:stone_axe":2,"minecraft:air":0,"minecraft:stick":28,"minecraft:iron_ingot":8,"minecraft:iron_pickaxe":1,"minecraft:wooden_axe":2,"minecraft:stone_sword":2,"minecraft:white_bed":1,"minecraft:acacia_planks":16,"minecraft:torch":8},"minecraft:killed":{"aoa3:charger":1,"minecraft:spider":2,"minecraft:skeleton":3,"minecraft:chicken":1,"minecraft:husk":1,"minecraft:pig":2,"minecraft:zombie_villager":1,"minecraft:iron_golem":1,"aoa3:cyclops":1,"minecraft:hoglin":1,"minecraft:sheep":3,"minecraft:zombie":4,"minecraft:cow":5},"minecraft:mined":{"create:zinc_ore":1,"minecraft:white_bed":2,"iceandfire:silver_ore":3,"gravestone:gravestone":38,"minecraft:acacia_log":4,"minecraft:grass_block":2,"minecraft:jungle_planks":3,"minecraft:spawner":3,"minecraft:hay_block":1,"minecraft:furnace":4,"minecraft:fire":15,"minecraft:andesite":1,"minecraft:bookshelf":9,"minecraft:stone":100,"minecraft:player_head":2,"minecraft:green_bed":3,"minecraft:crafting_table":8,"minecraft:torch":1,"minecraft:note_block":1,"minecraft:chest":2,"minecraft:dead_bush":7,"minecraft:campfire":1,"minecraft:tall_grass":1,"minecraft:bricks":1,"minecraft:wall_torch":1,"aoa3:limonite_ore":4,"minecraft:lime_bed":4,"minecraft:stripped_oak_wood":2,"minecraft:black_bed":2,"minecraft:stone_brick_stairs":1,"minecraft:grass":7,"minecraft:oak_log":16,"minecraft:coal_ore":27,"minecraft:dark_oak_button":1,"minecraft:gravel":2,"minecraft:sand":2,"minecraft:dirt":3,"minecraft:stone_bricks":1,"minecraft:oak_leaves":4},"minecraft:dropped":{"minecraft:porkchop":3,"aoa3:scrap_metal":3,"minecraft:leather":1,"minecraft:stick":8,"minecraft:dark_oak_fence":2,"minecraft:wooden_axe":2,"gravestone:obituary":60,"minecraft:bone":2,"minecraft:bricks":1,"minecraft:stone_axe":1,"minecraft:stone_sword":1,"minecraft:rotten_flesh":1,"evilcraft:flesh_humanoid":2,"minecraft:andesite":1,"minecraft:arrow":6,"minecraft:wooden_pickaxe":2,"minecraft:stone_pickaxe":2},"minecraft:custom":{"minecraft:mob_kills":28,"minecraft:interact_with_crafting_table":12,"minecraft:open_barrel":1,"minecraft:leave_game":10,"minecraft:time_since_death":3272,"minecraft:climb_one_cm":4887,"minecraft:sprint_one_cm":222155,"minecraft:walk_one_cm":283791,"minecraft:drop":98,"minecraft:play_noteblock":5,"minecraft:talked_to_villager":1,"minecraft:play_time":87558,"minecraft:deaths":33,"minecraft:sneak_time":2488,"minecraft:walk_under_water_one_cm":16673,"minecraft:jump":1622,"minecraft:walk_on_water_one_cm":19663,"minecraft:total_world_time":87558,"minecraft:interact_with_furnace":16,"minecraft:sleep_in_bed":7,"minecraft:time_since_rest":3304,"minecraft:damage_taken":9501,"minecraft:damage_dealt":5676,"minecraft:swim_one_cm":74735,"minecraft:fly_one_cm":221436,"minecraft:player_kills":4,"minecraft:open_chest":14,"minecraft:crouch_one_cm":6920,"minecraft:fall_one_cm":36383},"minecraft:picked_up":{"minecraft:charcoal":3,"minecraft:crafting_table":8,"aoa3:copper_coin":9,"minecraft:chicken":1,"gravestone:obituary":25,"minecraft:string":5,"minecraft:red_sand":1,"minecraft:gold_nugget":37,"aoa3:raw_charger_shank":1,"minecraft:beef":8,"minecraft:player_head":2,"minecraft:iron_nugget":73,"minecraft:chest":2,"minecraft:furnace":4,"minecraft:stick":19,"minecraft:sandstone":4,"minecraft:stone":1,"minecraft:green_bed":3,"minecraft:torch":2,"minecraft:acacia_log":4,"minecraft:note_block":1,"minecraft:porkchop":15,"aoa3:carved_rune_of_travel":1,"iceandfire:deathworm_chitin_white":2,"minecraft:arrow":20,"minecraft:rotten_flesh":16,"minecraft:hay_block":1,"aoa3:raw_limonite":4,"minecraft:mutton":4,"minecraft:bone_block":1,"minecraft:white_wool":3,"minecraft:cobblestone":195,"minecraft:lime_bed":4,"minecraft:feather":3,"minecraft:andesite":1,"minecraft:cut_sandstone":3,"minecraft:black_bed":2,"minecraft:leather":8,"minecraft:flint":1,"create:raw_zinc":1,"minecraft:oak_log":16,"evilcraft:flesh_humanoid":6,"minecraft:gunpowder":6,"minecraft:dirt":45,"minecraft:orange_terracotta":6,"minecraft:smooth_sandstone":6,"minecraft:bone":15,"minecraft:stone_bricks":1,"minecraft:bow":1,"minecraft:iron_ingot":5,"minecraft:cobweb":1,"minecraft:stripped_oak_wood":1,"minecraft:book":27,"iceandfire:amphithere_feather":4,"minecraft:gravel":1,"minecraft:jungle_planks":3,"minecraft:sand":22,"aoa3:scrap_metal":4,"minecraft:white_bed":1,"minecraft:slime_ball":3,"minecraft:oak_sapling":1,"minecraft:coal":44,"minecraft:dark_oak_fence":2,"minecraft:bricks":2,"iceandfire:raw_silver":3}},"DataVersion":3465}