{"stats":{"minecraft:used":{"minecraft:stone_sword":45,"minecraft:red_sand":1,"minecraft:iron_sword":77,"aoa3:raw_charger_shank":2,"minecraft:iron_chestplate":1,"minecraft:torch":5,"minecraft:dirt":4,"minecraft:jungle_planks":9,"minecraft:wooden_axe":7,"minecraft:bricks":1,"minecraft:smooth_sandstone":4,"evilcraft:flesh_humanoid":1,"minecraft:stone_bricks":1,"minecraft:furnace":4,"minecraft:cooked_beef":2,"minecraft:orange_terracotta":2,"minecraft:stone_pickaxe":120,"minecraft:wooden_pickaxe":5,"minecraft:sandstone":4,"minecraft:cut_sandstone":3,"minecraft:green_bed":1,"minecraft:sand":18,"minecraft:crafting_table":5,"minecraft:lime_bed":1,"minecraft:white_bed":2,"minecraft:black_bed":1,"minecraft:lever":1,"minecraft:apple":2,"minecraft:bread":4,"minecraft:iron_pickaxe":1,"minecraft:stone_axe":18,"minecraft:cobblestone":42,"minecraft:porkchop":1},"minecraft:killed_by":{"minecraft:husk":1,"minecraft:zombie_villager":1,"minecraft:spider":1,"iceandfire:amphithere":2,"minecraft:skeleton":17,"minecraft:zombie":6},"minecraft:crafted":{"minecraft:oak_planks":52,"minecraft:cooked_chicken":1,"minecraft:furnace":2,"minecraft:stone":1,"minecraft:lever":1,"cyclic:crafting_stick":1,"minecraft:cooked_mutton":4,"minecraft:stone_pickaxe":2,"minecraft:cooked_beef":4,"minecraft:cooked_porkchop":2,"minecraft:crafting_table":2,"minecraft:wooden_pickaxe":1,"minecraft:stone_axe":1,"minecraft:air":0,"minecraft:iron_pickaxe":1,"minecraft:wooden_axe":1,"minecraft:stone_sword":1,"minecraft:white_bed":1,"minecraft:acacia_planks":16,"minecraft:torch":8},"minecraft:killed":{"aoa3:charger":1,"minecraft:spider":2,"minecraft:skeleton":3,"minecraft:chicken":1,"minecraft:husk":1,"minecraft:pig":2,"minecraft:zombie_villager":1,"minecraft:iron_golem":1,"aoa3:cyclops":1,"minecraft:sheep":3,"minecraft:zombie":4,"minecraft:cow":5},"minecraft:mined":{"minecraft:white_bed":2,"gravestone:gravestone":31,"minecraft:acacia_log":4,"minecraft:grass_block":2,"minecraft:jungle_planks":3,"minecraft:hay_block":1,"minecraft:furnace":4,"minecraft:fire":15,"minecraft:andesite":1,"minecraft:bookshelf":9,"minecraft:stone":82,"minecraft:green_bed":2,"minecraft:crafting_table":5,"minecraft:torch":1,"minecraft:note_block":1,"minecraft:dead_bush":7,"minecraft:campfire":1,"minecraft:tall_grass":1,"minecraft:bricks":1,"aoa3:limonite_ore":4,"minecraft:lime_bed":2,"minecraft:stripped_oak_wood":2,"minecraft:black_bed":2,"minecraft:stone_brick_stairs":1,"minecraft:grass":7,"minecraft:oak_log":11,"minecraft:coal_ore":26,"minecraft:dark_oak_button":1,"minecraft:sand":2,"minecraft:dirt":3,"minecraft:stone_bricks":1,"minecraft:oak_leaves":4},"minecraft:dropped":{"minecraft:porkchop":3,"aoa3:scrap_metal":3,"minecraft:leather":1,"minecraft:stick":7,"minecraft:dark_oak_fence":2,"minecraft:wooden_axe":1,"gravestone:obituary":54,"minecraft:bone":2,"minecraft:bricks":1,"minecraft:rotten_flesh":1,"evilcraft:flesh_humanoid":2,"minecraft:andesite":1,"minecraft:arrow":4,"minecraft:wooden_pickaxe":1,"minecraft:stone_pickaxe":1},"minecraft:custom":{"minecraft:mob_kills":27,"minecraft:interact_with_crafting_table":8,"minecraft:open_barrel":1,"minecraft:leave_game":10,"minecraft:time_since_death":4912,"minecraft:climb_one_cm":4887,"minecraft:sprint_one_cm":188819,"minecraft:walk_one_cm":252070,"minecraft:drop":84,"minecraft:play_noteblock":5,"minecraft:talked_to_villager":1,"minecraft:play_time":75558,"minecraft:deaths":30,"minecraft:sneak_time":2464,"minecraft:walk_under_water_one_cm":14316,"minecraft:jump":1464,"minecraft:walk_on_water_one_cm":17101,"minecraft:total_world_time":75558,"minecraft:interact_with_furnace":16,"minecraft:sleep_in_bed":6,"minecraft:time_since_rest":5109,"minecraft:damage_taken":8656,"minecraft:damage_dealt":5167,"minecraft:swim_one_cm":57953,"minecraft:fly_one_cm":196664,"minecraft:player_kills":4,"minecraft:open_chest":11,"minecraft:crouch_one_cm":6920,"minecraft:fall_one_cm":32147},"minecraft:picked_up":{"minecraft:charcoal":3,"minecraft:crafting_table":5,"aoa3:copper_coin":9,"minecraft:chicken":1,"gravestone:obituary":24,"minecraft:string":5,"minecraft:red_sand":1,"aoa3:raw_charger_shank":1,"minecraft:beef":8,"minecraft:iron_nugget":2,"minecraft:furnace":4,"minecraft:stick":19,"minecraft:sandstone":4,"minecraft:stone":1,"minecraft:green_bed":2,"minecraft:torch":1,"minecraft:acacia_log":4,"minecraft:note_block":1,"minecraft:porkchop":12,"aoa3:carved_rune_of_travel":1,"iceandfire:deathworm_chitin_white":2,"minecraft:arrow":19,"minecraft:rotten_flesh":16,"minecraft:hay_block":1,"aoa3:raw_limonite":4,"minecraft:mutton":4,"minecraft:bone_block":1,"minecraft:white_wool":3,"minecraft:cobblestone":177,"minecraft:lime_bed":2,"minecraft:feather":3,"minecraft:andesite":1,"minecraft:cut_sandstone":3,"minecraft:black_bed":2,"minecraft:leather":7,"minecraft:oak_log":11,"evilcraft:flesh_humanoid":5,"minecraft:gunpowder":6,"minecraft:dirt":45,"minecraft:orange_terracotta":6,"minecraft:smooth_sandstone":6,"minecraft:bone":15,"minecraft:stone_bricks":1,"minecraft:bow":1,"minecraft:iron_ingot":5,"minecraft:stripped_oak_wood":1,"minecraft:book":27,"iceandfire:amphithere_feather":4,"minecraft:jungle_planks":3,"minecraft:sand":19,"aoa3:scrap_metal":4,"minecraft:white_bed":1,"minecraft:oak_sapling":1,"minecraft:coal":43,"minecraft:dark_oak_fence":2,"minecraft:bricks":2}},"DataVersion":3465}