{"stats":{"minecraft:killed":{"aoa3:charger":1,"minecraft:spider":2,"minecraft:skeleton":3,"minecraft:chicken":1,"minecraft:husk":1,"minecraft:pig":12,"minecraft:zombie_villager":1,"minecraft:iron_golem":1,"aoa3:cyclops":2,"minecraft:hoglin":1,"minecraft:sheep":3,"minecraft:zombie":4,"aoa3:goblin":2,"iceandfire:ghost":2,"minecraft:cow":5},"minecraft:killed_by":{"minecraft:husk":5,"minecraft:zombie_villager":1,"minecraft:wither_skeleton":1,"minecraft:spider":1,"iceandfire:amphithere":2,"minecraft:hoglin":2,"minecraft:skeleton":17,"minecraft:zombie":6},"minecraft:crafted":{"minecraft:oak_planks":132,"minecraft:cooked_chicken":1,"minecraft:furnace":2,"minecraft:stone":1,"minecraft:lever":1,"cyclic:crafting_stick":2,"minecraft:cooked_mutton":4,"minecraft:stone_pickaxe":4,"minecraft:cooked_beef":4,"minecraft:cooked_porkchop":2,"minecraft:crafting_table":3,"minecraft:wooden_pickaxe":2,"minecraft:iron_sword":1,"minecraft:stone_axe":2,"minecraft:air":0,"minecraft:stick":28,"minecraft:iron_ingot":8,"minecraft:iron_pickaxe":1,"minecraft:wooden_axe":2,"minecraft:stone_sword":2,"minecraft:white_bed":1,"minecraft:acacia_planks":16,"minecraft:torch":8},"minecraft:picked_up":{"minecraft:charcoal":3,"minecraft:crafting_table":8,"aoa3:copper_coin":9,"minecraft:chicken":1,"gravestone:obituary":25,"minecraft:string":5,"minecraft:red_sand":1,"minecraft:gold_nugget":37,"minecraft:beef":8,"aoa3:raw_charger_shank":1,"minecraft:player_head":2,"minecraft:iron_nugget":73,"minecraft:chest":3,"minecraft:furnace":4,"minecraft:stick":19,"minecraft:sandstone":4,"minecraft:stone":1,"minecraft:acacia_log":4,"minecraft:torch":2,"minecraft:green_bed":6,"minecraft:note_block":1,"minecraft:porkchop":36,"iceandfire:deathworm_chitin_white":2,"aoa3:carved_rune_of_travel":1,"minecraft:arrow":20,"minecraft:rotten_flesh":25,"minecraft:hay_block":1,"aoa3:raw_limonite":4,"minecraft:mutton":4,"minecraft:bone_block":1,"minecraft:white_wool":3,"minecraft:cobblestone":205,"minecraft:lime_bed":4,"minecraft:feather":3,"minecraft:andesite":1,"minecraft:black_bed":2,"minecraft:cut_sandstone":3,"minecraft:leather":8,"minecraft:flint":1,"create:raw_zinc":1,"minecraft:oak_log":31,"evilcraft:flesh_humanoid":6,"minecraft:gunpowder":6,"minecraft:lantern":1,"minecraft:dirt":45,"minecraft:orange_terracotta":6,"minecraft:smooth_sandstone":6,"minecraft:bone":21,"minecraft:stone_bricks":1,"minecraft:bow":1,"minecraft:wheat_seeds":1,"minecraft:iron_ingot":5,"minecraft:cobweb":1,"minecraft:stripped_oak_wood":1,"minecraft:mossy_stone_bricks":1,"minecraft:book":27,"iceandfire:amphithere_feather":4,"minecraft:cooked_porkchop":1,"minecraft:gravel":1,"minecraft:sand":22,"minecraft:jungle_planks":3,"aoa3:scrap_metal":4,"minecraft:white_bed":1,"minecraft:slime_ball":3,"minecraft:oak_sapling":1,"minecraft:dark_oak_fence":2,"minecraft:bricks":2,"minecraft:coal":44,"iceandfire:raw_silver":3},"minecraft:used":{"minecraft:stone_sword":46,"minecraft:red_sand":1,"minecraft:iron_sword":138,"aoa3:raw_charger_shank":2,"minecraft:iron_chestplate":1,"minecraft:torch":5,"minecraft:dirt":4,"minecraft:jungle_planks":9,"minecraft:wooden_axe":13,"minecraft:bricks":1,"minecraft:iron_axe":28,"minecraft:smooth_sandstone":4,"evilcraft:flesh_humanoid":1,"minecraft:stone_bricks":1,"minecraft:furnace":4,"minecraft:cooked_beef":2,"minecraft:orange_terracotta":2,"minecraft:mossy_stone_bricks":1,"minecraft:water_bucket":3,"minecraft:stone_pickaxe":138,"minecraft:oak_planks":5,"minecraft:wooden_pickaxe":8,"minecraft:sandstone":4,"minecraft:cut_sandstone":3,"minecraft:green_bed":6,"minecraft:sand":18,"minecraft:lime_bed":3,"minecraft:crafting_table":7,"minecraft:white_bed":2,"minecraft:black_bed":1,"minecraft:lever":1,"minecraft:apple":2,"minecraft:iron_pickaxe":24,"minecraft:bread":4,"minecraft:stone_axe":21,"minecraft:cobblestone":59,"minecraft:porkchop":3,"minecraft:cooked_porkchop":1,"minecraft:bucket":5},"minecraft:mined":{"create:zinc_ore":1,"minecraft:white_bed":2,"iceandfire:silver_ore":3,"gravestone:gravestone":40,"minecraft:acacia_log":4,"minecraft:grass_block":2,"minecraft:jungle_planks":3,"minecraft:spawner":3,"minecraft:large_fern":1,"minecraft:hay_block":1,"minecraft:furnace":4,"minecraft:fire":30,"minecraft:andesite":1,"minecraft:bookshelf":9,"minecraft:stone":100,"minecraft:player_head":2,"minecraft:green_bed":6,"minecraft:crafting_table":8,"minecraft:torch":1,"minecraft:note_block":1,"minecraft:chest":3,"minecraft:dead_bush":7,"minecraft:campfire":1,"minecraft:tall_grass":1,"minecraft:cobblestone":11,"minecraft:bricks":1,"minecraft:wall_torch":1,"aoa3:limonite_ore":4,"minecraft:lime_bed":4,"minecraft:stripped_oak_wood":2,"minecraft:black_bed":2,"minecraft:stone_brick_stairs":1,"minecraft:grass":19,"minecraft:oak_log":31,"minecraft:coal_ore":27,"minecraft:dark_oak_button":1,"minecraft:gravel":2,"minecraft:sand":2,"minecraft:dirt":3,"minecraft:stone_bricks":2,"minecraft:mossy_stone_bricks":1,"minecraft:oak_leaves":4,"minecraft:fern":1},"minecraft:custom":{"minecraft:mob_kills":43,"minecraft:interact_with_crafting_table":12,"minecraft:open_barrel":1,"minecraft:leave_game":15,"minecraft:time_since_death":2442,"minecraft:climb_one_cm":5696,"minecraft:sprint_one_cm":275556,"minecraft:walk_one_cm":339118,"minecraft:drop":108,"minecraft:play_noteblock":5,"minecraft:talked_to_villager":1,"minecraft:play_time":103749,"minecraft:deaths":37,"minecraft:sneak_time":2583,"minecraft:walk_under_water_one_cm":17499,"minecraft:jump":1947,"minecraft:walk_on_water_one_cm":21053,"minecraft:total_world_time":103749,"minecraft:interact_with_furnace":16,"minecraft:sleep_in_bed":8,"minecraft:time_since_rest":2479,"minecraft:damage_taken":11081,"minecraft:trigger_trapped_chest":2,"minecraft:damage_dealt":7913,"minecraft:player_kills":4,"minecraft:swim_one_cm":77011,"minecraft:fly_one_cm":274110,"minecraft:open_chest":21,"minecraft:crouch_one_cm":7241,"minecraft:fall_one_cm":43429},"minecraft:dropped":{"minecraft:porkchop":3,"minecraft:wheat_seeds":1,"aoa3:scrap_metal":3,"minecraft:leather":1,"minecraft:stick":8,"minecraft:dark_oak_fence":2,"minecraft:wooden_axe":2,"gravestone:obituary":64,"create:raw_zinc":1,"minecraft:bone":2,"minecraft:gravel":1,"minecraft:bricks":1,"minecraft:stone_axe":1,"minecraft:stone_sword":1,"minecraft:rotten_flesh":12,"evilcraft:flesh_humanoid":2,"minecraft:andesite":1,"minecraft:arrow":6,"minecraft:wooden_pickaxe":2,"minecraft:stone_pickaxe":2}},"DataVersion":3465}