{"stats":{"minecraft:broken":{"cyclic:mattock_stone":9,"minecraft:iron_axe":1,"minecraft:iron_pickaxe":1},"minecraft:custom":{"minecraft:interact_with_crafting_table":74,"minecraft:bell_ring":16,"minecraft:leave_game":7,"minecraft:time_since_death":27955,"minecraft:sprint_one_cm":189144,"minecraft:damage_blocked_by_shield":1230,"minecraft:drop":368,"minecraft:play_noteblock":2,"minecraft:talked_to_villager":6,"minecraft:play_time":325588,"minecraft:deaths":35,"minecraft:jump":2667,"minecraft:interact_with_brewingstand":1,"minecraft:walk_on_water_one_cm":98592,"minecraft:interact_with_furnace":196,"minecraft:sleep_in_bed":13,"minecraft:damage_dealt":11929,"minecraft:player_kills":1,"minecraft:crouch_one_cm":7738,"minecraft:horse_one_cm":1041,"minecraft:mob_kills":87,"minecraft:climb_one_cm":10212,"minecraft:walk_one_cm":990688,"minecraft:sneak_time":3617,"minecraft:walk_under_water_one_cm":72395,"minecraft:boat_one_cm":199700,"minecraft:total_world_time":325588,"minecraft:tune_noteblock":6,"minecraft:interact_with_stonecutter":2,"minecraft:time_since_rest":14834,"minecraft:damage_taken":12576,"minecraft:trigger_trapped_chest":3,"minecraft:swim_one_cm":256463,"minecraft:fly_one_cm":161635,"minecraft:open_chest":224,"minecraft:fall_one_cm":55178},"minecraft:picked_up":{"minecraft:wheat":4,"farmersdelight:rice_panicle":33,"aoa3:carved_rune_of_direction":2,"minecraft:amethyst_block":39,"iceandfire:manuscript":13,"minecraft:string":18,"minecraft:raw_copper":188,"minecraft:oak_sign":1,"minecraft:stick":4,"minecraft:big_dripleaf":1,"minecraft:torch":24,"minecraft:sandstone_wall":1,"iceandfire:rotten_egg":1,"minecraft:diorite":762,"minecraft:vine":13,"create:large_cogwheel":2,"minecraft:rotten_flesh":12,"minecraft:cactus":1,"create:scoria":22,"create:asurine":34,"aoa3:raw_limonite":99,"minecraft:cobblestone":4075,"minecraft:feather":2,"minecraft:andesite":385,"minecraft:flint":21,"minecraft:tuff":7,"create:raw_zinc":65,"evilcraft:flesh_humanoid":7,"minecraft:lapis_lazuli":39,"minecraft:dirt":171,"cyclic:flower_cyan":3,"minecraft:bone":16,"minecraft:bow":1,"minecraft:wheat_seeds":5,"minecraft:raw_gold":9,"aoa3:tea_seeds":1,"minecraft:rabbit":4,"cyclic:mattock_stone":8,"minecraft:sand":66,"minecraft:granite":499,"minecraft:bread":11,"minecraft:oak_sapling":3,"iceandfire:raw_silver":26,"minecraft:crafting_table":1,"aoa3:copper_coin":33,"cyclic:compressed_cobblestone":3,"gravestone:obituary":21,"farmersdelight:cooked_rice":2,"evilcraft:poison_sac":1,"aoa3:jade":1,"cyclic:flower_lime_carnation":1,"aoa3:raw_charger_shank":1,"minecraft:beef":16,"minecraft:oak_boat":2,"minecraft:iron_nugget":2,"minecraft:sugar_cane":10,"minecraft:egg":3,"minecraft:raw_iron":64,"minecraft:stone":1,"minecraft:bowl":2,"create:hand_crank":8,"create:copper_backtank":1,"create:vertical_gearbox":1,"minecraft:smooth_sandstone_slab":37,"iceandfire:silver_ingot":2,"minecraft:arrow":18,"minecraft:hay_block":22,"minecraft:mutton":3,"minecraft:white_wool":5,"minecraft:cut_sandstone":32,"minecraft:leather":11,"minecraft:oak_log":66,"iceandfire:ectoplasm":4,"minecraft:cobblestone_wall":2,"minecraft:gunpowder":5,"minecraft:smooth_sandstone":189,"cyclic:flower_purple_tulip":3,"minecraft:rabbit_hide":2,"minecraft:iron_ingot":3,"minecraft:acacia_sapling":1,"minecraft:green_dye":1,"minecraft:gravel":163,"minecraft:amethyst_shard":10,"aoa3:scrap_metal":6,"minecraft:spider_eye":2,"minecraft:leather_helmet":1,"cyclic:shearing":2,"minecraft:iron_helmet":1,"evilcraft:dark_gem":51,"minecraft:terracotta":1,"minecraft:coal":213},"minecraft:used":{"iceandfire:lectern":1,"minecraft:ladder":3,"minecraft:oak_sign":4,"minecraft:chest":4,"minecraft:shield":17,"minecraft:stone":1,"minecraft:iron_sword":159,"minecraft:rotten_flesh":18,"minecraft:iron_chestplate":2,"createbigcannons:gas_mask":1,"minecraft:iron_helmet":2,"iceandfire:ghost_chest":3,"iceandfire:copper_pickaxe":30,"minecraft:bow":28,"minecraft:furnace":21,"minecraft:oak_sapling":4,"minecraft:egg":2,"minecraft:diorite":7,"minecraft:stone_pickaxe":8,"minecraft:oak_planks":11,"minecraft:wooden_pickaxe":6,"create:copper_diving_helmet":2,"minecraft:sand":1,"aoa3:carved_rune_of_direction":1,"minecraft:shears":13,"iceandfire:armor_copper_metal_chestplate":2,"create:copper_backtank":13,"minecraft:bread":33,"minecraft:gravel":1,"cyclic:mattock_stone":9390,"minecraft:andesite":21,"minecraft:oak_boat":1,"create:vertical_gearbox":1,"minecraft:bone_meal":36,"create:large_cogwheel":2,"iceandfire:armor_copper_metal_leggings":1,"minecraft:cooked_salmon":1,"minecraft:torch":122,"iceandfire:armor_copper_metal_boots":4,"minecraft:dirt":101,"minecraft:cobblestone_wall":13,"minecraft:granite":5,"minecraft:wooden_axe":26,"minecraft:iron_axe":126,"minecraft:smooth_sandstone":49,"minecraft:iron_boots":4,"evilcraft:flesh_humanoid":4,"iceandfire:armor_copper_metal_helmet":1,"minecraft:iron_leggings":1,"farmersdelight:cooked_rice":29,"minecraft:wheat_seeds":2,"minecraft:cut_sandstone":12,"minecraft:stonecutter":1,"minecraft:vine":3,"minecraft:crafting_table":3,"cyclic:compressed_cobblestone":127,"minecraft:oak_log":1,"minecraft:apple":3,"minecraft:iron_pickaxe":464,"minecraft:cobblestone":122,"create:hand_crank":9,"cyclic:shearing":2},"minecraft:killed_by":{"minecraft:drowned":3,"minecraft:zombie":1,"minecraft:player":1,"minecraft:spider":2,"minecraft:iron_golem":6,"minecraft:hoglin":1,"minecraft:skeleton":9,"iceandfire:ghost":11},"minecraft:crafted":{"minecraft:brick":20,"minecraft:oak_planks":64,"create:copper_diving_boots":1,"minecraft:cobblestone_slab":126,"minecraft:oak_sign":3,"iceandfire:lectern":1,"minecraft:stone":3,"iceandfire:armor_copper_metal_boots":1,"minecraft:glass":7,"minecraft:bow":1,"minecraft:iron_boots":1,"createbigcannons:gas_mask":1,"iceandfire:armor_copper_metal_chestplate":1,"minecraft:chest":4,"minecraft:copper_block":2,"iceandfire:copper_pickaxe":1,"cyclic:shearing":4,"minecraft:crafting_table":2,"minecraft:wooden_pickaxe":1,"minecraft:iron_helmet":1,"minecraft:copper_ingot":189,"minecraft:iron_chestplate":1,"minecraft:charcoal":21,"minecraft:shield":1,"minecraft:stick":12,"minecraft:iron_pickaxe":2,"minecraft:iron_ingot":97,"minecraft:gold_ingot":9,"aoa3:limonite_ingot":113,"minecraft:shears":5,"cyclic:mattock_stone":17,"minecraft:iron_nugget":45,"farmersdelight:cooked_rice":16,"minecraft:furnace":21,"iceandfire:armor_copper_metal_leggings":1,"minecraft:bone_meal":36,"create:copper_backtank":2,"iceandfire:armor_copper_metal_helmet":1,"minecraft:stone_pickaxe":1,"minecraft:cobblestone_wall":12,"farmersdelight:rice":37,"cyclic:compressed_cobblestone":208,"minecraft:wheat":198,"minecraft:cooked_beef":3,"create:andesite_alloy":18,"create:hand_crank":2,"iceandfire:silver_ingot":26,"minecraft:iron_sword":1,"minecraft:bowl":12,"minecraft:cooked_salmon":1,"minecraft:bread":66,"minecraft:air":0,"iceandfire:bestiary":1,"minecraft:wooden_axe":1,"minecraft:iron_leggings":1,"minecraft:stonecutter":1,"create:shaft":16,"create:copper_diving_helmet":3,"minecraft:torch":196,"create:zinc_ingot":63},"minecraft:killed":{"minecraft:spider":8,"minecraft:skeleton":15,"minecraft:silverfish":2,"minecraft:camel":1,"minecraft:iron_golem":1,"minecraft:creeper":8,"minecraft:sheep":2,"minecraft:zombie":13,"minecraft:cow":11,"aoa3:charger":1,"minecraft:drowned":7,"minecraft:rabbit":2,"aoa3:cyclops":1,"evilcraft:poisonous_libelle":1,"iceandfire:ghost":2,"minecraft:villager":4},"minecraft:mined":{"iceandfire:graveyard_soil":4,"aoa3:carved_rune_of_direction":1,"minecraft:potted_cactus":1,"minecraft:granite":448,"minecraft:budding_amethyst":4,"minecraft:grass_block":31,"minecraft:oak_wall_sign":1,"minecraft:iron_ore":47,"minecraft:fire":1,"cyclic:flower_cyan":3,"create:asurine":34,"minecraft:dirt_path":3,"minecraft:small_amethyst_bud":1,"farmersdelight:rice_panicles":40,"minecraft:cut_sandstone":34,"farmersdelight:organic_compost":1,"minecraft:amethyst_cluster":2,"minecraft:torch":3,"minecraft:calcite":19,"iceandfire:ghost_chest":1,"create:scoria":19,"minecraft:dead_bush":2,"minecraft:cobblestone":11,"minecraft:sugar_cane":7,"minecraft:smooth_sandstone_slab":26,"minecraft:wall_torch":3,"aoa3:limonite_ore":84,"minecraft:amethyst_block":42,"minecraft:wheat":5,"minecraft:grass":19,"minecraft:oak_log":34,"create:hand_crank":2,"minecraft:sand":76,"minecraft:dirt":162,"minecraft:sandstone_wall":1,"minecraft:smooth_basalt":8,"minecraft:oak_leaves":3,"create:zinc_ore":48,"create:copper_backtank":1,"minecraft:tuff":7,"iceandfire:silver_ore":27,"cyclic:compressed_cobblestone":3,"gravestone:gravestone":25,"create:large_cogwheel":2,"minecraft:hay_block":24,"minecraft:andesite":429,"evilcraft:dark_ore":10,"minecraft:vine":15,"minecraft:stone":5952,"minecraft:acacia_leaves":22,"cyclic:flower_absalon_tulip":1,"minecraft:crafting_table":1,"minecraft:smooth_sandstone":161,"minecraft:copper_ore":73,"minecraft:lapis_ore":6,"minecraft:diorite":830,"create:gearbox":1,"cyclic:shearing":2,"minecraft:coal_ore":161,"minecraft:gravel":212,"minecraft:cobweb":1,"minecraft:gold_ore":9,"minecraft:infested_stone":2},"minecraft:dropped":{"minecraft:lapis_lazuli":15,"farmersdelight:cooked_rice":10,"aoa3:copper_coin":2,"create:copper_diving_helmet":2,"minecraft:flint":19,"minecraft:dirt":28,"create:copper_backtank":1,"minecraft:cut_sandstone":10,"iceandfire:armor_copper_metal_boots":1,"gravestone:obituary":34,"iceandfire:copper_pickaxe":1,"minecraft:bone":1,"minecraft:gravel":34,"minecraft:iron_nugget":10,"minecraft:wheat":4,"minecraft:rotten_flesh":4,"minecraft:oak_planks":2,"evilcraft:poison_sac":1,"aoa3:carved_rune_of_travel":1,"cyclic:mattock_stone":10,"aoa3:raw_limonite":5,"minecraft:rabbit_hide":2,"minecraft:acacia_sapling":1,"iceandfire:bestiary":1,"aoa3:jade":1,"iceandfire:armor_copper_metal_leggings":1,"create:andesite_alloy":1,"minecraft:bread":40,"minecraft:wheat_seeds":2,"aoa3:scrap_metal":1,"iceandfire:armor_copper_metal_chestplate":1,"minecraft:iron_helmet":1,"minecraft:cobblestone":688,"minecraft:granite":430,"minecraft:coal":2,"minecraft:stick":4,"minecraft:diorite":666,"aoa3:tea_seeds":1,"minecraft:torch":1,"minecraft:green_dye":1,"minecraft:rabbit":2,"minecraft:smooth_sandstone_slab":21,"minecraft:string":2,"minecraft:smooth_sandstone":76,"create:raw_zinc":1,"create:shaft":7,"minecraft:cobblestone_wall":62,"minecraft:bowl":1,"iceandfire:armor_copper_metal_helmet":1,"aoa3:carved_rune_of_direction":8,"minecraft:big_dripleaf":1,"minecraft:cobblestone_slab":126,"minecraft:stone":1,"minecraft:andesite":3,"minecraft:spider_eye":2,"minecraft:brick":20,"minecraft:terracotta":1}},"DataVersion":3465}