{"stats":{"minecraft:broken":{"cyclic:mattock_stone":5},"minecraft:custom":{"minecraft:mob_kills":8,"minecraft:interact_with_crafting_table":46,"minecraft:leave_game":4,"minecraft:time_since_death":19079,"minecraft:climb_one_cm":6748,"minecraft:sprint_one_cm":115035,"minecraft:walk_one_cm":400431,"minecraft:drop":152,"minecraft:play_noteblock":2,"minecraft:play_time":156831,"minecraft:deaths":24,"minecraft:sneak_time":1344,"minecraft:walk_under_water_one_cm":38895,"minecraft:jump":1141,"minecraft:walk_on_water_one_cm":59068,"minecraft:total_world_time":156831,"minecraft:interact_with_furnace":148,"minecraft:tune_noteblock":6,"minecraft:sleep_in_bed":3,"minecraft:time_since_rest":19565,"minecraft:damage_taken":7100,"minecraft:trigger_trapped_chest":2,"minecraft:damage_dealt":1732,"minecraft:swim_one_cm":199871,"minecraft:fly_one_cm":109557,"minecraft:player_kills":1,"minecraft:open_chest":126,"minecraft:crouch_one_cm":970,"minecraft:fall_one_cm":36819,"minecraft:horse_one_cm":129},"minecraft:used":{"minecraft:oak_sign":4,"minecraft:chest":4,"minecraft:cooked_salmon":1,"minecraft:rotten_flesh":18,"minecraft:torch":55,"minecraft:dirt":15,"minecraft:granite":5,"minecraft:wooden_axe":26,"iceandfire:ghost_chest":2,"evilcraft:flesh_humanoid":3,"iceandfire:copper_pickaxe":27,"minecraft:furnace":9,"minecraft:oak_sapling":3,"farmersdelight:cooked_rice":5,"minecraft:diorite":7,"minecraft:stone_pickaxe":8,"minecraft:wooden_pickaxe":6,"minecraft:sand":1,"minecraft:crafting_table":2,"aoa3:carved_rune_of_direction":1,"minecraft:oak_log":1,"minecraft:apple":3,"create:copper_backtank":10,"minecraft:iron_pickaxe":251,"minecraft:bread":5,"minecraft:cobblestone":58,"cyclic:mattock_stone":5496,"minecraft:andesite":21,"create:hand_crank":9,"create:vertical_gearbox":1},"minecraft:picked_up":{"minecraft:crafting_table":1,"aoa3:copper_coin":2,"farmersdelight:rice_panicle":18,"gravestone:obituary":14,"aoa3:carved_rune_of_direction":2,"farmersdelight:cooked_rice":2,"minecraft:raw_copper":188,"aoa3:jade":1,"minecraft:oak_sign":1,"minecraft:sugar_cane":5,"minecraft:raw_iron":56,"minecraft:stick":3,"minecraft:torch":18,"minecraft:bowl":1,"create:hand_crank":8,"minecraft:diorite":762,"create:vertical_gearbox":1,"minecraft:rotten_flesh":2,"minecraft:arrow":3,"create:scoria":11,"create:asurine":34,"aoa3:raw_limonite":87,"minecraft:cobblestone":1821,"minecraft:andesite":385,"minecraft:flint":14,"minecraft:tuff":7,"create:raw_zinc":63,"minecraft:oak_log":29,"evilcraft:flesh_humanoid":2,"minecraft:lapis_lazuli":15,"minecraft:dirt":70,"minecraft:raw_gold":9,"minecraft:gravel":101,"minecraft:sand":6,"evilcraft:dark_gem":46,"minecraft:granite":488,"minecraft:bread":5,"minecraft:terracotta":1,"minecraft:oak_sapling":3,"minecraft:coal":136,"iceandfire:raw_silver":19},"minecraft:killed_by":{"minecraft:player":1,"minecraft:spider":2,"minecraft:hoglin":1,"minecraft:skeleton":8,"minecraft:zombie":1,"iceandfire:ghost":10},"minecraft:crafted":{"minecraft:brick":20,"cyclic:mattock_stone":10,"minecraft:oak_planks":28,"minecraft:cobblestone_slab":126,"create:copper_diving_boots":1,"minecraft:oak_sign":3,"minecraft:iron_nugget":45,"minecraft:furnace":9,"iceandfire:armor_copper_metal_leggings":1,"create:copper_backtank":2,"iceandfire:armor_copper_metal_boots":1,"iceandfire:armor_copper_metal_helmet":1,"minecraft:glass":6,"iceandfire:armor_copper_metal_chestplate":1,"minecraft:stone_pickaxe":1,"farmersdelight:rice":22,"minecraft:chest":4,"minecraft:copper_block":2,"iceandfire:copper_pickaxe":1,"cyclic:compressed_cobblestone":117,"create:andesite_alloy":18,"create:hand_crank":2,"iceandfire:silver_ingot":12,"minecraft:crafting_table":1,"minecraft:wooden_pickaxe":1,"minecraft:bowl":4,"minecraft:cooked_salmon":1,"minecraft:copper_ingot":189,"minecraft:air":0,"minecraft:charcoal":21,"minecraft:stick":8,"minecraft:iron_ingot":65,"minecraft:iron_pickaxe":2,"minecraft:wooden_axe":1,"minecraft:gold_ingot":9,"aoa3:limonite_ingot":106,"create:shaft":16,"create:copper_diving_helmet":3,"minecraft:torch":196,"create:zinc_ingot":15},"minecraft:killed":{"minecraft:skeleton":1,"minecraft:silverfish":2,"minecraft:drowned":1,"iceandfire:ghost":1},"minecraft:mined":{"create:zinc_ore":48,"minecraft:tuff":7,"iceandfire:silver_ore":16,"aoa3:carved_rune_of_direction":1,"gravestone:gravestone":16,"minecraft:granite":444,"minecraft:oak_wall_sign":1,"minecraft:iron_ore":42,"minecraft:andesite":429,"evilcraft:dark_ore":9,"create:asurine":34,"farmersdelight:rice_panicles":21,"minecraft:stone":2937,"minecraft:crafting_table":1,"minecraft:torch":3,"create:scoria":19,"minecraft:dead_bush":2,"minecraft:copper_ore":53,"minecraft:cobblestone":1,"minecraft:lapis_ore":2,"minecraft:sugar_cane":4,"minecraft:diorite":763,"minecraft:wall_torch":2,"aoa3:limonite_ore":78,"create:gearbox":1,"minecraft:grass":2,"minecraft:oak_log":29,"minecraft:coal_ore":100,"create:hand_crank":2,"minecraft:gravel":135,"minecraft:sand":1,"minecraft:dirt":72,"minecraft:gold_ore":9,"minecraft:oak_leaves":2,"minecraft:infested_stone":2},"minecraft:dropped":{"minecraft:lapis_lazuli":15,"minecraft:cobblestone":70,"minecraft:granite":308,"create:copper_diving_helmet":2,"minecraft:dirt":19,"minecraft:diorite":602,"create:copper_backtank":1,"gravestone:obituary":27,"minecraft:gravel":33,"minecraft:iron_nugget":9,"create:shaft":7,"cyclic:mattock_stone":1,"aoa3:raw_limonite":1,"minecraft:cobblestone_slab":126,"minecraft:andesite":2,"aoa3:jade":1,"create:andesite_alloy":1,"minecraft:brick":20,"minecraft:terracotta":1}},"DataVersion":3465}