{"stats":{"minecraft:killed":{"minecraft:spider":11,"minecraft:skeleton":17,"minecraft:chicken":1,"minecraft:silverfish":5,"minecraft:camel":1,"minecraft:iron_golem":1,"minecraft:creeper":9,"minecraft:sheep":2,"minecraft:zombie":16,"minecraft:cow":11,"aoa3:charger":1,"minecraft:drowned":7,"minecraft:rabbit":2,"aoa3:cyclops":1,"evilcraft:poisonous_libelle":1,"iceandfire:ghost":2,"minecraft:villager":5},"minecraft:killed_by":{"minecraft:creeper":2,"minecraft:drowned":5,"minecraft:zombie":2,"iceandfire:fire_dragon":7,"minecraft:player":1,"minecraft:spider":6,"minecraft:iron_golem":6,"minecraft:hoglin":1,"minecraft:skeleton":14,"iceandfire:ghost":11},"minecraft:crafted":{"minecraft:brick":20,"minecraft:oak_planks":132,"create:copper_diving_boots":1,"minecraft:cobblestone_slab":126,"minecraft:oak_sign":3,"iceandfire:lectern":1,"minecraft:stone":3,"iceandfire:armor_copper_metal_boots":1,"minecraft:glass":7,"minecraft:bow":1,"minecraft:iron_boots":1,"sophisticatedbackpacks:copper_backpack":1,"createbigcannons:gas_mask":1,"iceandfire:armor_copper_metal_chestplate":1,"minecraft:chest":5,"minecraft:copper_block":2,"iceandfire:copper_pickaxe":1,"cyclic:shearing":4,"sophisticatedbackpacks:backpack":1,"minecraft:crafting_table":3,"minecraft:wooden_pickaxe":1,"minecraft:iron_helmet":1,"minecraft:copper_ingot":189,"minecraft:iron_chestplate":1,"minecraft:charcoal":21,"minecraft:shield":1,"minecraft:stick":60,"minecraft:iron_ingot":100,"minecraft:iron_pickaxe":3,"cyclic:emerald_helmet":1,"minecraft:gold_ingot":9,"aoa3:limonite_ingot":113,"minecraft:shears":5,"cyclic:mattock_stone":21,"minecraft:iron_nugget":45,"farmersdelight:cooked_rice":16,"minecraft:furnace":22,"iceandfire:armor_copper_metal_leggings":1,"minecraft:bone_meal":36,"create:copper_backtank":2,"iceandfire:armor_copper_metal_helmet":1,"minecraft:iron_axe":1,"minecraft:stone_pickaxe":2,"minecraft:cobblestone_wall":12,"farmersdelight:rice":37,"cyclic:compressed_cobblestone":229,"minecraft:wheat":261,"sophisticatedbackpacks:iron_backpack":1,"minecraft:cooked_beef":8,"create:andesite_alloy":18,"create:hand_crank":2,"iceandfire:silver_ingot":26,"minecraft:iron_sword":1,"minecraft:bowl":12,"minecraft:cooked_salmon":1,"sophisticatedbackpacks:gold_backpack":1,"minecraft:acacia_boat":1,"minecraft:bread":87,"minecraft:air":0,"iceandfire:bestiary":1,"minecraft:wooden_axe":1,"minecraft:iron_leggings":1,"minecraft:stonecutter":1,"create:shaft":16,"create:copper_diving_helmet":3,"minecraft:torch":308,"create:zinc_ingot":63},"minecraft:picked_up":{"minecraft:wheat":7,"farmersdelight:rice_panicle":33,"aoa3:carved_rune_of_direction":3,"minecraft:amethyst_block":39,"iceandfire:manuscript":19,"minecraft:string":19,"minecraft:raw_copper":226,"minecraft:oak_sign":1,"minecraft:cobbled_deepslate":1727,"minecraft:melon_slice":6,"minecraft:furnace":2,"minecraft:stick":4,"minecraft:big_dripleaf":1,"minecraft:torch":39,"minecraft:sandstone_wall":1,"iceandfire:rotten_egg":1,"minecraft:diorite":862,"minecraft:vine":13,"create:large_cogwheel":2,"minecraft:orange_bed":1,"minecraft:cactus":1,"minecraft:rotten_flesh":24,"create:scoria":22,"create:asurine":34,"aoa3:raw_limonite":121,"minecraft:cobblestone":5158,"minecraft:birch_log":1,"minecraft:feather":5,"minecraft:water_bucket":1,"minecraft:andesite":412,"minecraft:flint":28,"minecraft:tuff":177,"create:raw_zinc":92,"evilcraft:flesh_humanoid":9,"minecraft:acacia_boat":1,"minecraft:lapis_lazuli":109,"minecraft:dirt":293,"cyclic:flower_cyan":3,"minecraft:bone":24,"minecraft:acacia_planks":9,"minecraft:bow":1,"minecraft:wheat_seeds":5,"minecraft:raw_gold":9,"aoa3:tea_seeds":1,"minecraft:rabbit":4,"cyclic:mattock_stone":8,"minecraft:sand":66,"minecraft:mossy_cobblestone":1,"minecraft:diamond":31,"minecraft:granite":552,"minecraft:bread":11,"minecraft:oak_sapling":3,"iceandfire:raw_silver":27,"minecraft:crafting_table":3,"aoa3:copper_coin":65,"minecraft:chicken":1,"cyclic:compressed_cobblestone":3,"gravestone:obituary":26,"farmersdelight:cooked_rice":2,"evilcraft:poison_sac":1,"aoa3:jade":38,"cyclic:flower_lime_carnation":2,"minecraft:beef":24,"aoa3:raw_charger_shank":2,"minecraft:oak_boat":3,"minecraft:iron_nugget":4,"minecraft:sugar_cane":10,"minecraft:birch_sapling":1,"minecraft:egg":5,"minecraft:raw_iron":102,"minecraft:stone":1,"minecraft:oak_door":2,"minecraft:bowl":9,"create:copper_backtank":1,"create:hand_crank":10,"minecraft:redstone":105,"create:vertical_gearbox":1,"minecraft:smooth_sandstone_slab":37,"cyclic:emerald_pickaxe":2,"iceandfire:silver_ingot":2,"minecraft:arrow":22,"minecraft:hay_block":29,"minecraft:mutton":3,"minecraft:white_wool":5,"minecraft:stripped_oak_log":20,"aoa3:carved_rune_of_reality":1,"minecraft:cut_sandstone":32,"minecraft:leather":11,"minecraft:oak_log":72,"iceandfire:ectoplasm":4,"minecraft:cobblestone_wall":2,"minecraft:gunpowder":7,"minecraft:smooth_sandstone":189,"cyclic:flower_purple_tulip":3,"minecraft:rabbit_hide":2,"minecraft:iron_ingot":12,"minecraft:acacia_sapling":1,"minecraft:green_dye":1,"minecraft:gravel":256,"aoa3:scrap_metal":8,"minecraft:amethyst_shard":10,"minecraft:white_bed":3,"minecraft:spider_eye":2,"minecraft:leather_helmet":1,"cyclic:shearing":2,"minecraft:iron_helmet":1,"evilcraft:dark_gem":84,"minecraft:terracotta":1,"minecraft:coal":214},"minecraft:used":{"iceandfire:lectern":1,"minecraft:ladder":3,"minecraft:oak_sign":4,"minecraft:chest":4,"minecraft:shield":27,"minecraft:iron_sword":172,"minecraft:stone":1,"minecraft:rotten_flesh":20,"minecraft:iron_chestplate":2,"minecraft:tuff":11,"createbigcannons:gas_mask":1,"iceandfire:ghost_chest":3,"minecraft:iron_helmet":2,"iceandfire:copper_pickaxe":30,"minecraft:bow":34,"minecraft:oak_sapling":4,"minecraft:furnace":23,"minecraft:egg":4,"minecraft:diorite":7,"minecraft:stone_pickaxe":9,"minecraft:oak_planks":36,"minecraft:wooden_pickaxe":6,"create:copper_diving_helmet":2,"minecraft:sand":1,"aoa3:carved_rune_of_direction":1,"minecraft:shears":13,"iceandfire:armor_copper_metal_chestplate":2,"create:copper_backtank":13,"cyclic:emerald_helmet":1,"minecraft:melon_slice":5,"minecraft:bread":58,"minecraft:gravel":10,"cyclic:mattock_stone":13447,"minecraft:andesite":21,"minecraft:oak_boat":1,"create:vertical_gearbox":1,"minecraft:bone_meal":36,"create:large_cogwheel":2,"iceandfire:armor_copper_metal_leggings":1,"minecraft:cooked_salmon":1,"minecraft:orange_bed":2,"minecraft:torch":228,"iceandfire:armor_copper_metal_boots":4,"minecraft:dirt":145,"minecraft:cobblestone_wall":13,"cyclic:emerald_pickaxe":105,"minecraft:granite":5,"cyclic:flower_lime_carnation":1,"minecraft:wooden_axe":26,"minecraft:iron_axe":166,"minecraft:smooth_sandstone":49,"minecraft:iron_boots":4,"evilcraft:flesh_humanoid":4,"iceandfire:armor_copper_metal_helmet":1,"minecraft:cooked_beef":2,"minecraft:cobbled_deepslate":9,"minecraft:iron_leggings":1,"farmersdelight:cooked_rice":33,"minecraft:wheat_seeds":2,"minecraft:acacia_boat":2,"minecraft:water_bucket":1,"minecraft:cut_sandstone":12,"minecraft:stonecutter":1,"minecraft:mossy_cobblestone":1,"minecraft:vine":3,"minecraft:crafting_table":5,"minecraft:white_bed":3,"cyclic:compressed_cobblestone":127,"minecraft:oak_log":2,"minecraft:apple":3,"minecraft:chicken":1,"minecraft:iron_pickaxe":544,"minecraft:cobblestone":128,"create:hand_crank":9,"cyclic:shearing":6},"minecraft:mined":{"create:deepslate_zinc_ore":12,"minecraft:white_bed":3,"iceandfire:graveyard_soil":4,"aoa3:carved_rune_of_direction":1,"minecraft:potted_cactus":1,"minecraft:granite":538,"minecraft:budding_amethyst":4,"minecraft:grass_block":159,"minecraft:oak_wall_sign":1,"minecraft:cobbled_deepslate":1,"minecraft:iron_ore":54,"minecraft:fire":1,"minecraft:deepslate_lapis_ore":8,"cyclic:flower_cyan":3,"create:asurine":34,"minecraft:dirt_path":3,"minecraft:small_amethyst_bud":1,"farmersdelight:rice_panicles":40,"minecraft:orange_bed":1,"minecraft:deepslate_redstone_ore":20,"minecraft:cut_sandstone":34,"farmersdelight:organic_compost":1,"minecraft:amethyst_cluster":2,"minecraft:torch":3,"minecraft:calcite":19,"minecraft:melon":1,"iceandfire:ghost_chest":1,"create:scoria":19,"minecraft:dead_bush":2,"minecraft:cobblestone":23,"minecraft:sugar_cane":7,"minecraft:smooth_sandstone_slab":26,"minecraft:wall_torch":6,"aoa3:limonite_ore":84,"minecraft:amethyst_block":42,"minecraft:deepslate_copper_ore":6,"aoa3:deepslate_jade_ore":24,"evilcraft:dark_ore_deepslate":6,"minecraft:wheat":5,"minecraft:grass":24,"minecraft:oak_log":41,"create:hand_crank":2,"minecraft:sand":78,"minecraft:dirt":332,"minecraft:sandstone_wall":1,"minecraft:smooth_basalt":8,"minecraft:oak_leaves":4,"minecraft:deepslate":1734,"minecraft:infested_deepslate":4,"create:zinc_ore":48,"create:copper_backtank":1,"minecraft:tuff":189,"iceandfire:silver_ore":27,"minecraft:mossy_cobblestone":2,"minecraft:deepslate_diamond_ore":16,"cyclic:compressed_cobblestone":3,"gravestone:gravestone":38,"create:large_cogwheel":2,"minecraft:hay_block":31,"minecraft:furnace":2,"minecraft:andesite":476,"evilcraft:dark_ore":11,"minecraft:deepslate_iron_ore":10,"minecraft:vine":15,"minecraft:stripped_oak_log":21,"minecraft:stone":7083,"minecraft:acacia_leaves":22,"cyclic:flower_absalon_tulip":1,"minecraft:crafting_table":3,"minecraft:smooth_sandstone":161,"minecraft:sculk_sensor":1,"minecraft:tall_grass":2,"minecraft:copper_ore":77,"minecraft:lapis_ore":6,"aoa3:deepslate_limonite_ore":10,"minecraft:diorite":958,"create:gearbox":1,"cyclic:shearing":2,"minecraft:coal_ore":162,"minecraft:gravel":332,"minecraft:cobweb":3,"minecraft:gold_ore":9,"minecraft:infested_stone":2},"minecraft:custom":{"minecraft:interact_with_crafting_table":91,"minecraft:bell_ring":21,"minecraft:leave_game":13,"minecraft:time_since_death":997,"minecraft:sprint_one_cm":294454,"minecraft:damage_blocked_by_shield":1725,"minecraft:drop":815,"minecraft:play_noteblock":2,"minecraft:talked_to_villager":7,"minecraft:play_time":456938,"minecraft:deaths":59,"minecraft:jump":4563,"minecraft:interact_with_brewingstand":1,"minecraft:walk_on_water_one_cm":156555,"minecraft:interact_with_furnace":214,"minecraft:sleep_in_bed":19,"minecraft:damage_dealt":13684,"minecraft:player_kills":1,"minecraft:crouch_one_cm":11968,"minecraft:horse_one_cm":1041,"minecraft:mob_kills":102,"minecraft:climb_one_cm":10212,"minecraft:walk_one_cm":1382583,"minecraft:sneak_time":5697,"minecraft:walk_under_water_one_cm":151588,"minecraft:boat_one_cm":570480,"minecraft:total_world_time":456938,"minecraft:tune_noteblock":6,"minecraft:interact_with_stonecutter":2,"minecraft:time_since_rest":1020,"minecraft:damage_taken":21914,"minecraft:trigger_trapped_chest":3,"minecraft:swim_one_cm":332094,"minecraft:fly_one_cm":297003,"minecraft:open_chest":258,"minecraft:fall_one_cm":127967},"minecraft:broken":{"minecraft:iron_boots":1,"cyclic:mattock_stone":13,"minecraft:iron_axe":1,"minecraft:iron_pickaxe":1},"minecraft:dropped":{"minecraft:lapis_lazuli":22,"farmersdelight:cooked_rice":10,"aoa3:copper_coin":28,"create:copper_diving_helmet":2,"minecraft:flint":19,"minecraft:dirt":58,"create:copper_backtank":1,"minecraft:cut_sandstone":10,"iceandfire:armor_copper_metal_boots":1,"gravestone:obituary":47,"iceandfire:copper_pickaxe":1,"minecraft:bone":1,"minecraft:oak_door":2,"minecraft:gravel":34,"minecraft:iron_nugget":11,"minecraft:cobbled_deepslate":55,"minecraft:wheat":6,"minecraft:rotten_flesh":5,"cyclic:compressed_cobblestone":1,"minecraft:oak_planks":3,"evilcraft:poison_sac":1,"aoa3:carved_rune_of_travel":1,"cyclic:mattock_stone":11,"aoa3:raw_limonite":5,"minecraft:rabbit_hide":2,"minecraft:gunpowder":1,"minecraft:acacia_sapling":1,"iceandfire:bestiary":1,"aoa3:jade":1,"iceandfire:armor_copper_metal_leggings":1,"iceandfire:manuscript":6,"create:andesite_alloy":1,"minecraft:bread":58,"minecraft:wheat_seeds":2,"aoa3:scrap_metal":1,"iceandfire:armor_copper_metal_chestplate":1,"minecraft:iron_helmet":2,"minecraft:feather":2,"minecraft:cobblestone":1262,"minecraft:granite":430,"minecraft:coal":2,"minecraft:stick":4,"minecraft:diorite":694,"aoa3:tea_seeds":1,"minecraft:torch":1,"minecraft:green_dye":1,"minecraft:rabbit":2,"minecraft:melon_slice":1,"minecraft:smooth_sandstone_slab":21,"minecraft:string":2,"minecraft:smooth_sandstone":76,"create:raw_zinc":1,"create:shaft":7,"minecraft:cobblestone_wall":62,"minecraft:bowl":8,"iceandfire:armor_copper_metal_helmet":1,"cyclic:emerald_pickaxe":1,"aoa3:carved_rune_of_direction":8,"minecraft:big_dripleaf":1,"minecraft:cobblestone_slab":126,"minecraft:stone":1,"minecraft:andesite":13,"create:hand_crank":2,"minecraft:spider_eye":2,"minecraft:brick":20,"minecraft:terracotta":1}},"DataVersion":3465}