{"stats":{"minecraft:dropped":{"minecraft:lapis_lazuli":15,"minecraft:cobblestone":70,"minecraft:granite":308,"create:copper_diving_helmet":1,"minecraft:dirt":2,"minecraft:diorite":602,"create:copper_backtank":1,"gravestone:obituary":22,"minecraft:gravel":33,"minecraft:iron_nugget":9,"create:shaft":7,"cyclic:mattock_stone":1,"aoa3:raw_limonite":1,"minecraft:cobblestone_slab":126,"minecraft:andesite":2,"aoa3:jade":1,"create:andesite_alloy":1,"minecraft:brick":20,"minecraft:terracotta":1},"minecraft:crafted":{"minecraft:brick":20,"cyclic:mattock_stone":10,"minecraft:oak_planks":28,"minecraft:cobblestone_slab":126,"create:copper_diving_boots":1,"minecraft:oak_sign":3,"minecraft:iron_nugget":45,"minecraft:furnace":9,"iceandfire:armor_copper_metal_leggings":1,"create:copper_backtank":2,"iceandfire:armor_copper_metal_helmet":1,"minecraft:glass":5,"minecraft:stone_pickaxe":1,"farmersdelight:rice":2,"minecraft:chest":4,"minecraft:copper_block":2,"iceandfire:copper_pickaxe":1,"cyclic:compressed_cobblestone":117,"create:andesite_alloy":18,"create:hand_crank":2,"iceandfire:silver_ingot":12,"minecraft:crafting_table":1,"minecraft:wooden_pickaxe":1,"minecraft:bowl":4,"minecraft:cooked_salmon":1,"minecraft:copper_ingot":189,"minecraft:air":0,"minecraft:charcoal":21,"minecraft:stick":8,"minecraft:iron_ingot":65,"minecraft:iron_pickaxe":2,"minecraft:wooden_axe":1,"minecraft:gold_ingot":9,"aoa3:limonite_ingot":106,"create:shaft":16,"create:copper_diving_helmet":2,"minecraft:torch":136,"create:zinc_ingot":15},"minecraft:killed":{"minecraft:skeleton":1,"minecraft:silverfish":2,"minecraft:drowned":1,"iceandfire:ghost":1},"minecraft:killed_by":{"minecraft:player":1,"minecraft:spider":2,"minecraft:hoglin":1,"minecraft:skeleton":8,"minecraft:zombie":1,"iceandfire:ghost":10},"minecraft:used":{"minecraft:oak_sign":4,"minecraft:chest":4,"minecraft:cooked_salmon":1,"minecraft:rotten_flesh":18,"minecraft:torch":38,"minecraft:dirt":15,"minecraft:granite":5,"minecraft:wooden_axe":26,"iceandfire:ghost_chest":2,"evilcraft:flesh_humanoid":3,"iceandfire:copper_pickaxe":27,"minecraft:furnace":9,"minecraft:oak_sapling":3,"farmersdelight:cooked_rice":2,"minecraft:diorite":7,"minecraft:stone_pickaxe":8,"minecraft:wooden_pickaxe":6,"minecraft:sand":1,"minecraft:crafting_table":2,"aoa3:carved_rune_of_direction":1,"minecraft:oak_log":1,"minecraft:apple":1,"create:copper_backtank":9,"minecraft:iron_pickaxe":214,"minecraft:bread":5,"minecraft:cobblestone":45,"cyclic:mattock_stone":4098,"minecraft:andesite":21,"create:hand_crank":9,"create:vertical_gearbox":1},"minecraft:mined":{"create:zinc_ore":15,"minecraft:tuff":7,"iceandfire:silver_ore":11,"aoa3:carved_rune_of_direction":1,"gravestone:gravestone":13,"minecraft:granite":373,"minecraft:oak_wall_sign":1,"minecraft:iron_ore":25,"minecraft:andesite":321,"evilcraft:dark_ore":7,"create:asurine":34,"farmersdelight:rice_panicles":2,"minecraft:stone":2142,"minecraft:crafting_table":1,"minecraft:torch":3,"create:scoria":19,"minecraft:dead_bush":2,"minecraft:copper_ore":53,"minecraft:cobblestone":1,"minecraft:lapis_ore":2,"minecraft:sugar_cane":4,"minecraft:diorite":578,"minecraft:wall_torch":2,"aoa3:limonite_ore":73,"create:gearbox":1,"minecraft:grass":2,"minecraft:oak_log":29,"minecraft:coal_ore":94,"create:hand_crank":2,"minecraft:gravel":76,"minecraft:sand":1,"minecraft:dirt":55,"minecraft:gold_ore":9,"minecraft:oak_leaves":2,"minecraft:infested_stone":2},"minecraft:picked_up":{"minecraft:crafting_table":1,"aoa3:copper_coin":2,"farmersdelight:rice_panicle":2,"gravestone:obituary":13,"aoa3:carved_rune_of_direction":2,"farmersdelight:cooked_rice":2,"minecraft:raw_copper":188,"aoa3:jade":1,"minecraft:oak_sign":1,"minecraft:sugar_cane":5,"minecraft:raw_iron":31,"minecraft:stick":3,"minecraft:torch":18,"create:hand_crank":8,"minecraft:diorite":634,"create:vertical_gearbox":1,"minecraft:rotten_flesh":2,"minecraft:arrow":3,"create:scoria":11,"create:asurine":34,"aoa3:raw_limonite":80,"minecraft:cobblestone":1301,"minecraft:andesite":281,"minecraft:flint":7,"minecraft:tuff":7,"create:raw_zinc":15,"minecraft:oak_log":29,"evilcraft:flesh_humanoid":2,"minecraft:lapis_lazuli":15,"minecraft:dirt":53,"minecraft:raw_gold":9,"minecraft:gravel":50,"minecraft:sand":6,"evilcraft:dark_gem":36,"minecraft:granite":421,"minecraft:bread":5,"minecraft:terracotta":1,"minecraft:oak_sapling":3,"minecraft:coal":126,"iceandfire:raw_silver":12},"minecraft:broken":{"cyclic:mattock_stone":4},"minecraft:custom":{"minecraft:mob_kills":8,"minecraft:interact_with_crafting_table":42,"minecraft:leave_game":4,"minecraft:time_since_death":0,"minecraft:climb_one_cm":6694,"minecraft:sprint_one_cm":92903,"minecraft:walk_one_cm":348836,"minecraft:drop":145,"minecraft:play_noteblock":2,"minecraft:play_time":137752,"minecraft:deaths":24,"minecraft:sneak_time":1252,"minecraft:walk_under_water_one_cm":34924,"minecraft:jump":950,"minecraft:walk_on_water_one_cm":50190,"minecraft:total_world_time":137752,"minecraft:interact_with_furnace":145,"minecraft:tune_noteblock":6,"minecraft:sleep_in_bed":3,"minecraft:time_since_rest":486,"minecraft:damage_taken":6940,"minecraft:trigger_trapped_chest":2,"minecraft:damage_dealt":1732,"minecraft:swim_one_cm":154070,"minecraft:fly_one_cm":80695,"minecraft:player_kills":1,"minecraft:open_chest":107,"minecraft:crouch_one_cm":970,"minecraft:fall_one_cm":29861,"minecraft:horse_one_cm":129}},"DataVersion":3465}