{"stats":{"minecraft:broken":{"cyclic:mattock_stone":6},"minecraft:custom":{"minecraft:mob_kills":9,"minecraft:interact_with_crafting_table":50,"minecraft:leave_game":4,"minecraft:time_since_death":31079,"minecraft:climb_one_cm":6748,"minecraft:sprint_one_cm":119392,"minecraft:walk_one_cm":443756,"minecraft:drop":162,"minecraft:play_noteblock":2,"minecraft:play_time":168831,"minecraft:deaths":24,"minecraft:sneak_time":1344,"minecraft:walk_under_water_one_cm":39096,"minecraft:jump":1248,"minecraft:walk_on_water_one_cm":60075,"minecraft:total_world_time":168831,"minecraft:interact_with_furnace":163,"minecraft:tune_noteblock":6,"minecraft:sleep_in_bed":3,"minecraft:time_since_rest":31565,"minecraft:damage_taken":7131,"minecraft:trigger_trapped_chest":2,"minecraft:damage_dealt":1922,"minecraft:swim_one_cm":206296,"minecraft:fly_one_cm":109597,"minecraft:player_kills":1,"minecraft:open_chest":155,"minecraft:crouch_one_cm":970,"minecraft:fall_one_cm":37028,"minecraft:horse_one_cm":129},"minecraft:used":{"iceandfire:armor_copper_metal_leggings":1,"minecraft:oak_sign":4,"minecraft:chest":4,"minecraft:cooked_salmon":1,"minecraft:rotten_flesh":18,"minecraft:iron_chestplate":1,"minecraft:torch":67,"iceandfire:armor_copper_metal_boots":4,"minecraft:dirt":21,"minecraft:granite":5,"minecraft:wooden_axe":26,"minecraft:iron_axe":7,"minecraft:iron_helmet":2,"iceandfire:ghost_chest":3,"minecraft:iron_boots":4,"evilcraft:flesh_humanoid":3,"iceandfire:copper_pickaxe":27,"minecraft:furnace":10,"minecraft:oak_sapling":3,"iceandfire:armor_copper_metal_helmet":1,"minecraft:iron_leggings":1,"farmersdelight:cooked_rice":6,"minecraft:diorite":7,"minecraft:stone_pickaxe":8,"minecraft:wooden_pickaxe":6,"create:copper_diving_helmet":2,"minecraft:sand":1,"minecraft:crafting_table":2,"aoa3:carved_rune_of_direction":1,"minecraft:oak_log":1,"iceandfire:armor_copper_metal_chestplate":2,"minecraft:apple":3,"create:copper_backtank":13,"minecraft:iron_pickaxe":252,"minecraft:bread":5,"minecraft:cobblestone":60,"cyclic:mattock_stone":6146,"minecraft:andesite":21,"create:hand_crank":9,"create:vertical_gearbox":1},"minecraft:picked_up":{"minecraft:crafting_table":1,"aoa3:copper_coin":2,"farmersdelight:rice_panicle":18,"gravestone:obituary":14,"aoa3:carved_rune_of_direction":2,"minecraft:amethyst_block":39,"farmersdelight:cooked_rice":2,"minecraft:raw_copper":188,"aoa3:jade":1,"minecraft:oak_sign":1,"minecraft:sugar_cane":5,"minecraft:raw_iron":62,"minecraft:stick":3,"minecraft:torch":19,"minecraft:bowl":1,"create:copper_backtank":1,"create:hand_crank":8,"minecraft:diorite":762,"create:vertical_gearbox":1,"minecraft:rotten_flesh":2,"minecraft:arrow":5,"create:scoria":11,"create:asurine":34,"aoa3:raw_limonite":87,"minecraft:cobblestone":1910,"minecraft:andesite":385,"minecraft:flint":14,"minecraft:tuff":7,"create:raw_zinc":63,"minecraft:oak_log":29,"evilcraft:flesh_humanoid":2,"minecraft:lapis_lazuli":39,"minecraft:dirt":75,"minecraft:bone":2,"minecraft:raw_gold":9,"minecraft:gravel":109,"minecraft:sand":6,"minecraft:amethyst_shard":10,"evilcraft:dark_gem":46,"minecraft:granite":488,"minecraft:bread":5,"minecraft:terracotta":1,"minecraft:oak_sapling":3,"minecraft:coal":136,"iceandfire:raw_silver":26},"minecraft:killed_by":{"minecraft:player":1,"minecraft:spider":2,"minecraft:hoglin":1,"minecraft:skeleton":8,"minecraft:zombie":1,"iceandfire:ghost":10},"minecraft:crafted":{"minecraft:brick":20,"cyclic:mattock_stone":10,"minecraft:oak_planks":28,"minecraft:cobblestone_slab":126,"create:copper_diving_boots":1,"minecraft:oak_sign":3,"minecraft:iron_nugget":45,"minecraft:furnace":10,"iceandfire:armor_copper_metal_leggings":1,"create:copper_backtank":2,"iceandfire:armor_copper_metal_boots":1,"iceandfire:armor_copper_metal_helmet":1,"minecraft:glass":6,"minecraft:iron_boots":1,"iceandfire:armor_copper_metal_chestplate":1,"minecraft:stone_pickaxe":1,"farmersdelight:rice":22,"minecraft:chest":4,"minecraft:copper_block":2,"iceandfire:copper_pickaxe":1,"cyclic:compressed_cobblestone":173,"create:andesite_alloy":18,"create:hand_crank":2,"iceandfire:silver_ingot":18,"minecraft:crafting_table":1,"minecraft:wooden_pickaxe":1,"minecraft:iron_helmet":1,"minecraft:bowl":4,"minecraft:cooked_salmon":1,"minecraft:copper_ingot":189,"minecraft:air":0,"minecraft:iron_chestplate":1,"minecraft:charcoal":21,"minecraft:stick":8,"minecraft:iron_ingot":71,"minecraft:iron_pickaxe":2,"minecraft:wooden_axe":1,"minecraft:iron_leggings":1,"minecraft:gold_ingot":9,"aoa3:limonite_ingot":112,"create:shaft":16,"create:copper_diving_helmet":3,"minecraft:torch":196,"create:zinc_ingot":21},"minecraft:killed":{"minecraft:skeleton":2,"minecraft:silverfish":2,"minecraft:drowned":1,"iceandfire:ghost":1},"minecraft:mined":{"create:zinc_ore":48,"create:copper_backtank":1,"minecraft:tuff":7,"iceandfire:silver_ore":21,"aoa3:carved_rune_of_direction":1,"minecraft:budding_amethyst":4,"gravestone:gravestone":16,"minecraft:granite":448,"minecraft:oak_wall_sign":1,"minecraft:iron_ore":46,"minecraft:andesite":429,"evilcraft:dark_ore":9,"create:asurine":34,"minecraft:small_amethyst_bud":1,"farmersdelight:rice_panicles":21,"minecraft:stone":3344,"minecraft:amethyst_cluster":2,"minecraft:crafting_table":1,"minecraft:torch":3,"minecraft:calcite":19,"create:scoria":19,"minecraft:dead_bush":2,"minecraft:copper_ore":58,"minecraft:cobblestone":1,"minecraft:lapis_ore":6,"minecraft:sugar_cane":4,"minecraft:diorite":829,"minecraft:wall_torch":3,"minecraft:amethyst_block":42,"aoa3:limonite_ore":78,"create:gearbox":1,"minecraft:grass":2,"minecraft:oak_log":29,"minecraft:coal_ore":100,"create:hand_crank":2,"minecraft:gravel":143,"minecraft:sand":1,"minecraft:dirt":87,"minecraft:smooth_basalt":8,"minecraft:gold_ore":9,"minecraft:oak_leaves":2,"minecraft:infested_stone":2},"minecraft:dropped":{"minecraft:lapis_lazuli":15,"iceandfire:armor_copper_metal_chestplate":1,"minecraft:cobblestone":157,"minecraft:granite":419,"create:copper_diving_helmet":2,"minecraft:dirt":19,"minecraft:diorite":666,"create:copper_backtank":1,"iceandfire:armor_copper_metal_boots":1,"gravestone:obituary":27,"minecraft:gravel":33,"minecraft:iron_nugget":9,"create:shaft":7,"iceandfire:armor_copper_metal_helmet":1,"cyclic:mattock_stone":1,"aoa3:raw_limonite":1,"minecraft:cobblestone_slab":126,"minecraft:andesite":3,"aoa3:jade":1,"iceandfire:armor_copper_metal_leggings":1,"create:andesite_alloy":1,"minecraft:brick":20,"minecraft:terracotta":1}},"DataVersion":3465}