{"stats":{"minecraft:killed_by":{"minecraft:player":1,"minecraft:skeleton":1,"minecraft:creeper":2,"minecraft:spider":2,"minecraft:zombie":1,"minecraft:enderman":1},"minecraft:used":{"minecraft:stone_pickaxe":151,"minecraft:wooden_pickaxe":58,"minecraft:torch":19,"minecraft:crafting_table":1},"minecraft:crafted":{"minecraft:oak_planks":16,"minecraft:iron_chestplate":1,"minecraft:crafting_table":1,"minecraft:stick":16,"minecraft:wooden_pickaxe":1,"minecraft:stone_pickaxe":4,"minecraft:iron_sword":1,"minecraft:iron_leggings":1,"minecraft:furnace":1,"minecraft:torch":20,"minecraft:jungle_planks":24},"minecraft:broken":{"minecraft:stone_pickaxe":1},"minecraft:mined":{"minecraft:iron_ore":10,"minecraft:grass_block":1,"gravestone:gravestone":3,"minecraft:granite":21,"minecraft:grass":1,"minecraft:oak_log":8,"minecraft:coal_ore":12,"minecraft:jungle_log":6,"minecraft:dead_bush":9,"minecraft:dirt":6,"minecraft:stone":112,"minecraft:diorite":47,"minecraft:oak_leaves":1,"minecraft:wall_torch":1,"minecraft:fern":1},"minecraft:dropped":{"minecraft:dirt":1,"gravestone:obituary":5,"minecraft:stone_pickaxe":2},"minecraft:custom":{"minecraft:time_since_rest":11326,"minecraft:sprint_one_cm":12152,"minecraft:damage_taken":2933,"minecraft:walk_one_cm":119711,"minecraft:drop":8,"minecraft:damage_dealt":100,"minecraft:swim_one_cm":1932,"minecraft:interact_with_crafting_table":4,"minecraft:fly_one_cm":44471,"minecraft:open_barrel":1,"minecraft:open_chest":1,"minecraft:play_time":54453,"minecraft:deaths":10,"minecraft:sneak_time":12,"minecraft:walk_under_water_one_cm":15795,"minecraft:jump":544,"minecraft:leave_game":7,"minecraft:time_since_death":11297,"minecraft:walk_on_water_one_cm":13300,"minecraft:total_world_time":54453,"minecraft:climb_one_cm":2040,"minecraft:fall_one_cm":17088},"minecraft:picked_up":{"minecraft:stick":10,"minecraft:raw_iron":10,"minecraft:jungle_log":6,"minecraft:torch":1,"minecraft:oak_log":6,"gravestone:obituary":4,"minecraft:diorite":47,"minecraft:dirt":9,"minecraft:light_gray_terracotta":1,"minecraft:granite":21,"minecraft:stone_pickaxe":1,"minecraft:white_terracotta":1,"minecraft:oak_sapling":2,"minecraft:coal":12,"minecraft:cobblestone":121}},"DataVersion":3465}