{"stats":{"minecraft:killed_by":{"minecraft:skeleton":1,"minecraft:creeper":1,"minecraft:spider":2,"minecraft:player":1,"minecraft:enderman":1},"minecraft:crafted":{"minecraft:jungle_planks":24},"minecraft:mined":{"minecraft:oak_log":3,"minecraft:jungle_log":6,"minecraft:dead_bush":9,"minecraft:oak_leaves":1,"gravestone:gravestone":1},"minecraft:dropped":{"gravestone:obituary":3},"minecraft:custom":{"minecraft:open_barrel":1,"minecraft:open_chest":1,"minecraft:time_since_rest":7916,"minecraft:damage_taken":2121,"minecraft:play_time":27539,"minecraft:sprint_one_cm":6995,"minecraft:walk_one_cm":89418,"minecraft:deaths":8,"minecraft:sneak_time":12,"minecraft:walk_under_water_one_cm":12999,"minecraft:drop":3,"minecraft:jump":365,"minecraft:damage_dealt":100,"minecraft:leave_game":5,"minecraft:time_since_death":7285,"minecraft:walk_on_water_one_cm":7821,"minecraft:total_world_time":27539,"minecraft:climb_one_cm":1221,"minecraft:swim_one_cm":1932,"minecraft:fly_one_cm":26745,"minecraft:fall_one_cm":11510},"minecraft:picked_up":{"minecraft:stick":10,"minecraft:jungle_log":6,"minecraft:oak_log":2,"gravestone:obituary":3,"minecraft:oak_sapling":2}},"DataVersion":3465}