{"stats":{"minecraft:killed":{"aoa3:charger":1,"minecraft:sheep":2,"minecraft:cow":4},"minecraft:killed_by":{"minecraft:player":1,"minecraft:skeleton":2,"minecraft:creeper":2,"minecraft:spider":2,"minecraft:zombie":2,"minecraft:enderman":1},"minecraft:crafted":{"minecraft:oak_planks":24,"minecraft:crafting_table":1,"minecraft:wooden_pickaxe":1,"minecraft:iron_sword":1,"minecraft:furnace":1,"minecraft:bread":23,"minecraft:jungle_planks":24,"minecraft:oak_boat":1,"minecraft:iron_chestplate":1,"minecraft:stick":16,"minecraft:stone_pickaxe":4,"minecraft:iron_leggings":1,"minecraft:torch":20,"cyclic:compressed_cobblestone":2,"minecraft:wheat":9},"minecraft:picked_up":{"minecraft:crafting_table":2,"minecraft:wheat":61,"minecraft:feather":2,"aoa3:copper_coin":3,"aoa3:carved_rune_of_reality":1,"minecraft:jungle_log":6,"minecraft:leather":3,"minecraft:music_disc_stal":1,"aoa3:carved_rune_of_space":1,"minecraft:oak_log":8,"gravestone:obituary":6,"aoa3:carved_rune_of_direction":1,"minecraft:brewing_stand":1,"minecraft:cobblestone_wall":133,"minecraft:dirt":1028,"minecraft:string":8,"minecraft:bone":8,"minecraft:wheat_seeds":199,"minecraft:cartography_table":1,"minecraft:cobbled_deepslate":1,"aoa3:raw_charger_shank":1,"minecraft:beef":6,"minecraft:stone_pickaxe":10,"minecraft:oak_boat":4,"cyclic:mattock_stone":1,"minecraft:egg":3,"minecraft:stick":10,"minecraft:raw_iron":24,"minecraft:torch":45,"minecraft:dandelion":2,"minecraft:gravel":2,"aoa3:scrap_metal":1,"iceandfire:rotten_egg":1,"minecraft:diorite":57,"minecraft:spider_eye":1,"minecraft:light_gray_terracotta":1,"minecraft:arrow":2,"minecraft:hay_block":1,"minecraft:granite":22,"minecraft:bread":2,"aoa3:raw_limonite":4,"minecraft:white_terracotta":1,"minecraft:oak_sapling":2,"minecraft:melon_seeds":2,"minecraft:mutton":3,"minecraft:coal":57,"minecraft:white_wool":2,"minecraft:cobblestone":148},"minecraft:used":{"minecraft:wheat_seeds":46,"minecraft:stone_pickaxe":388,"minecraft:wooden_pickaxe":58,"minecraft:iron_sword":72,"minecraft:torch":31,"minecraft:dirt":1028,"minecraft:sand":1,"minecraft:crafting_table":3,"minecraft:granite":20,"minecraft:bread":14,"minecraft:cobblestone":98,"cyclic:mattock_stone":1034,"minecraft:cobweb":6,"minecraft:oak_boat":3,"minecraft:egg":1},"minecraft:mined":{"minecraft:mossy_cobblestone":2,"minecraft:melon_stem":1,"minecraft:dandelion":1,"minecraft:brewing_stand":1,"minecraft:crafting_table":2,"minecraft:torch":16,"gravestone:gravestone":6,"minecraft:granite":21,"minecraft:grass_block":531,"minecraft:jungle_log":6,"minecraft:dead_bush":9,"minecraft:cobblestone":17,"minecraft:bricks":1,"minecraft:cartography_table":1,"minecraft:diorite":57,"minecraft:wall_torch":10,"aoa3:limonite_ore":4,"minecraft:hay_block":1,"minecraft:cobblestone_wall":150,"minecraft:iron_ore":10,"minecraft:wheat":66,"minecraft:grass":15,"minecraft:oak_log":10,"minecraft:coal_ore":57,"minecraft:deepslate_iron_ore":14,"minecraft:dirt_path":21,"minecraft:gravel":4,"minecraft:dirt":448,"minecraft:cobweb":5,"minecraft:stone":125,"minecraft:oak_leaves":1,"minecraft:deepslate":1,"minecraft:fern":1},"minecraft:custom":{"minecraft:mob_kills":7,"minecraft:interact_with_crafting_table":9,"minecraft:open_barrel":4,"minecraft:damage_dealt_resisted":22,"minecraft:leave_game":10,"minecraft:time_since_death":48801,"minecraft:sleep_in_bed":4,"minecraft:climb_one_cm":2040,"minecraft:time_since_rest":6391,"minecraft:sprint_one_cm":98239,"minecraft:damage_taken":3862,"minecraft:walk_one_cm":419401,"minecraft:drop":56,"minecraft:damage_dealt":1190,"minecraft:damage_dealt_absorbed":33,"minecraft:swim_one_cm":18392,"minecraft:talked_to_villager":9,"minecraft:fly_one_cm":209897,"minecraft:player_kills":1,"minecraft:open_chest":16,"minecraft:play_time":137810,"minecraft:crouch_one_cm":2379,"minecraft:deaths":12,"minecraft:sneak_time":907,"minecraft:walk_under_water_one_cm":23011,"minecraft:boat_one_cm":28575,"minecraft:jump":1631,"minecraft:walk_on_water_one_cm":36827,"minecraft:fall_one_cm":32365,"minecraft:total_world_time":137810},"minecraft:dropped":{"minecraft:iron_ingot":9,"minecraft:bread":9,"minecraft:wheat_seeds":78,"aoa3:scrap_metal":1,"minecraft:cobblestone_wall":4,"minecraft:granite":2,"minecraft:coal":52,"minecraft:dirt":13,"minecraft:oak_boat":1,"gravestone:obituary":10,"minecraft:spider_eye":1,"minecraft:sand":1,"minecraft:wooden_pickaxe":1,"minecraft:stone_pickaxe":10,"minecraft:dandelion":1,"minecraft:white_wool":2,"minecraft:music_disc_stal":1,"minecraft:egg":2},"minecraft:broken":{"minecraft:stone_pickaxe":2,"cyclic:mattock_stone":1}},"DataVersion":3465}