{"stats":{"minecraft:broken":{"minecraft:leather_leggings":1,"minecraft:stone_pickaxe":1,"minecraft:iron_helmet":1},"minecraft:custom":{"minecraft:interact_with_crafting_table":33,"minecraft:open_barrel":5,"minecraft:bell_ring":23,"minecraft:leave_game":10,"minecraft:time_since_death":4487,"minecraft:sprint_one_cm":718427,"minecraft:drop":103,"minecraft:talked_to_villager":13,"minecraft:play_time":408401,"minecraft:deaths":71,"minecraft:jump":5258,"minecraft:walk_on_water_one_cm":111006,"minecraft:interact_with_furnace":16,"minecraft:traded_with_villager":19,"minecraft:sleep_in_bed":18,"minecraft:damage_dealt":14221,"minecraft:player_kills":1,"minecraft:crouch_one_cm":23283,"minecraft:horse_one_cm":7,"minecraft:mob_kills":82,"minecraft:climb_one_cm":56317,"minecraft:walk_one_cm":549152,"minecraft:sneak_time":10001,"minecraft:walk_under_water_one_cm":166358,"minecraft:boat_one_cm":85456,"minecraft:total_world_time":408401,"minecraft:tune_noteblock":3,"minecraft:time_since_rest":4520,"minecraft:damage_taken":19627,"minecraft:swim_one_cm":342545,"minecraft:fly_one_cm":1111098,"minecraft:open_chest":81,"minecraft:fall_one_cm":141735},"minecraft:used":{"minecraft:red_sand":3,"minecraft:ladder":11,"minecraft:chest":3,"minecraft:iron_sword":168,"minecraft:bell":1,"minecraft:rotten_flesh":5,"minecraft:iron_chestplate":1,"minecraft:mutton":1,"create:cogwheel":4,"minecraft:jungle_planks":4,"minecraft:jungle_slab":7,"minecraft:jungle_fence_gate":1,"minecraft:lantern":1,"iceandfire:ghost_chest":1,"minecraft:oak_sapling":43,"minecraft:diorite":1,"minecraft:stone_pickaxe":176,"minecraft:oak_planks":1,"minecraft:wooden_pickaxe":31,"cyclic:emerald_axe":291,"minecraft:sugar_cane":7,"minecraft:white_wool":1,"minecraft:sand":26,"minecraft:sponge":4,"create:copper_backtank":1,"minecraft:birch_slab":32,"minecraft:cyan_bed":1,"minecraft:bread":18,"minecraft:red_terracotta":1,"minecraft:andesite":77,"minecraft:oak_boat":1,"create:vertical_gearbox":3,"minecraft:purple_wool":1,"create:large_cogwheel":6,"minecraft:oak_trapdoor":4,"minecraft:oak_fence":21,"minecraft:spruce_planks":1,"minecraft:sandstone_wall":1,"minecraft:oak_door":11,"minecraft:torch":38,"minecraft:dirt":32,"iceandfire:copper_sword":4,"minecraft:cobblestone_wall":16,"cyclic:emerald_pickaxe":13,"minecraft:granite":2,"minecraft:dark_oak_planks":4,"minecraft:iron_axe":36,"minecraft:smooth_sandstone":2,"evilcraft:flesh_humanoid":1,"minecraft:barrel":1,"minecraft:acacia_planks":4,"minecraft:wheat_seeds":7,"minecraft:water_bucket":17,"minecraft:andesite_slab":2,"minecraft:cut_sandstone":1,"minecraft:fletching_table":1,"minecraft:green_bed":10,"minecraft:terracotta":11,"minecraft:crafting_table":6,"minecraft:lime_bed":8,"minecraft:oak_log":1,"minecraft:apple":1,"minecraft:iron_pickaxe":124,"create:water_wheel":3,"create:large_water_wheel":1,"minecraft:stone_axe":78,"minecraft:cobblestone":352,"minecraft:bucket":3},"minecraft:picked_up":{"minecraft:iron_chestplate":3,"minecraft:wheat":3,"iceandfire:copper_sword":2,"minecraft:flower_pot":1,"farmersdelight:rice_panicle":1,"minecraft:acacia_pressure_plate":1,"minecraft:wither_rose":1,"iceandfire:manuscript":6,"minecraft:string":13,"minecraft:raw_copper":8,"create:water_wheel":3,"minecraft:oak_sign":1,"minecraft:red_sand":28,"minecraft:spruce_planks":1,"minecraft:stick":200,"iceandfire:ghost_chest":4,"minecraft:jungle_door":1,"minecraft:oak_fence":12,"minecraft:green_bed":11,"minecraft:torch":26,"create:andesite_casing":1,"minecraft:sandstone_wall":1,"minecraft:diorite":30,"aoa3:carved_rune_of_travel":1,"create:large_cogwheel":4,"minecraft:stone_sword":1,"minecraft:rotten_flesh":58,"minecraft:white_terracotta":6,"minecraft:cobblestone":699,"minecraft:lilac":1,"minecraft:feather":2,"minecraft:andesite":196,"minecraft:jungle_log":6,"minecraft:smooth_sandstone_stairs":8,"evilcraft:flesh_humanoid":7,"minecraft:lantern":1,"farmersdelight:tomato":2,"minecraft:lapis_lazuli":15,"minecraft:dirt":37,"minecraft:bone":49,"minecraft:bow":2,"minecraft:wheat_seeds":12,"minecraft:bell":1,"create:shaft":19,"aoa3:tea_seeds":2,"minecraft:rabbit":1,"minecraft:oak_planks":1,"create:cogwheel":3,"minecraft:jungle_planks":2,"minecraft:sand":75,"minecraft:dead_bush":1,"minecraft:cyan_bed":1,"minecraft:jungle_slab":7,"minecraft:red_terracotta":3,"aoa3:ivory":2,"minecraft:mossy_cobblestone":2,"minecraft:light_gray_terracotta":6,"minecraft:sugar":3,"minecraft:granite":5,"minecraft:bone_meal":1,"minecraft:oak_sapling":47,"minecraft:dark_oak_fence":1,"minecraft:purple_wool":2,"aoa3:copper_coin":92,"minecraft:ladder":3,"minecraft:leather_leggings":1,"minecraft:wooden_pickaxe":2,"cyclic:compressed_cobblestone":41,"gravestone:obituary":28,"minecraft:acacia_button":1,"minecraft:oak_trapdoor":2,"minecraft:iron_axe":1,"evilcraft:poison_sac":1,"aoa3:raw_charger_shank":2,"minecraft:beef":3,"minecraft:player_head":1,"minecraft:iron_nugget":11,"minecraft:sugar_cane":12,"minecraft:sandstone":12,"minecraft:oak_door":5,"minecraft:copper_ingot":2,"minecraft:bowl":8,"farmersdelight:tomato_seeds":8,"create:hand_crank":1,"create:copper_backtank":1,"minecraft:jungle_fence_gate":1,"iceandfire:deathworm_chitin_white":4,"create:vertical_gearbox":2,"minecraft:smooth_sandstone_slab":12,"iceandfire:silver_ingot":2,"minecraft:arrow":32,"minecraft:hay_block":7,"minecraft:yellow_terracotta":8,"minecraft:mutton":6,"minecraft:skeleton_skull":4,"minecraft:white_wool":4,"minecraft:lime_bed":8,"minecraft:salmon":4,"minecraft:cut_sandstone":10,"minecraft:leather":2,"minecraft:acacia_wood":4,"minecraft:oak_log":202,"create:andesite_alloy":3,"minecraft:jungle_button":3,"minecraft:cobblestone_wall":2,"minecraft:orange_terracotta":6,"iceandfire:deathworm_tounge":1,"minecraft:smooth_sandstone":25,"minecraft:apple":5,"farmersdelight:cooking_pot":1,"minecraft:stone_pickaxe":1,"minecraft:cobweb":2,"minecraft:iron_sword":2,"minecraft:gravel":1,"aoa3:scrap_metal":3,"minecraft:green_carpet":2,"minecraft:spider_eye":4,"minecraft:stone_axe":1,"minecraft:iron_helmet":1,"minecraft:gray_wool":1,"minecraft:terracotta":22,"minecraft:dark_oak_wood":1,"farmersdelight:stove":1,"minecraft:coal":2},"minecraft:killed_by":{"minecraft:creeper":7,"minecraft:drowned":2,"minecraft:witch":1,"minecraft:zombie":10,"iceandfire:fire_dragon":1,"minecraft:player":4,"iceandfire:deathworm":2,"minecraft:spider":10,"iceandfire:hippogryph":2,"minecraft:skeleton":29},"minecraft:crafted":{"minecraft:oak_planks":504,"cyclic:emerald_shovel":1,"create:vertical_gearbox":1,"cyclic:emerald_axe":1,"minecraft:chest":3,"create:cogwheel":5,"minecraft:oak_fence":24,"minecraft:emerald":19,"minecraft:crafting_table":6,"minecraft:wooden_pickaxe":1,"minecraft:fletching_table":1,"minecraft:oak_wood":3,"create:gearbox":1,"minecraft:iron_chestplate":1,"cyclic:emerald_chestplate":1,"minecraft:charcoal":6,"create:water_wheel":1,"minecraft:stick":608,"minecraft:iron_pickaxe":1,"create:large_cogwheel":1,"minecraft:oak_door":9,"minecraft:iron_nugget":9,"minecraft:oak_trapdoor":2,"cyclic:emerald_pickaxe":1,"minecraft:iron_axe":1,"minecraft:ladder":9,"minecraft:cobblestone_wall":24,"minecraft:stone_pickaxe":2,"minecraft:dark_oak_planks":4,"minecraft:wheat":63,"create:large_water_wheel":1,"minecraft:bucket":1,"minecraft:stone_axe":1,"minecraft:bread":22,"minecraft:air":0,"minecraft:jungle_planks":8,"minecraft:oak_boat":1,"minecraft:andesite_slab":6,"minecraft:acacia_planks":8,"cyclic:emerald_boots":1,"minecraft:torch":28},"minecraft:killed":{"minecraft:spider":5,"minecraft:zombie_horse":1,"minecraft:skeleton":34,"minecraft:skeleton_horse":2,"aoa3:ancient_golem":1,"minecraft:salmon":1,"minecraft:creeper":1,"minecraft:sheep":5,"minecraft:zombie":6,"aoa3:goblin":1,"minecraft:cow":2,"minecraft:drowned":13,"iceandfire:deathworm":2,"aoa3:cyclops":2,"iceandfire:ghost":2},"minecraft:mined":{"minecraft:spruce_planks":2,"minecraft:oak_sapling":7,"minecraft:jungle_slab":6,"create:andesite_casing":1,"minecraft:jungle_leaves":1,"minecraft:granite":2,"minecraft:potted_dead_bush":1,"minecraft:red_sand":4,"minecraft:grass_block":2,"minecraft:jungle_log":4,"minecraft:fire":89,"minecraft:green_carpet":2,"minecraft:smooth_sandstone_stairs":10,"minecraft:green_bed":9,"create:cogwheel":3,"minecraft:cut_sandstone":10,"minecraft:jungle_door":1,"minecraft:light_gray_terracotta":3,"minecraft:dark_oak_wood":1,"iceandfire:ghost_chest":3,"minecraft:dead_bush":177,"minecraft:cobblestone":37,"minecraft:cyan_bed":1,"minecraft:sugar_cane":6,"minecraft:oak_planks":1,"minecraft:smooth_sandstone_slab":12,"minecraft:white_terracotta":3,"minecraft:wheat":5,"minecraft:wither_rose":1,"minecraft:grass":20,"minecraft:oak_log":189,"minecraft:sand":14,"minecraft:dirt":17,"minecraft:oak_leaves":87,"minecraft:yellow_terracotta":4,"minecraft:mossy_cobblestone":1,"minecraft:oak_door":3,"gravestone:gravestone":42,"minecraft:ladder":2,"create:large_cogwheel":3,"minecraft:jungle_planks":2,"minecraft:large_fern":1,"minecraft:hay_block":7,"minecraft:oak_trapdoor":3,"minecraft:acacia_wood":2,"minecraft:andesite":34,"minecraft:bell":1,"minecraft:vine":2,"minecraft:stone":180,"minecraft:oak_fence":16,"minecraft:smooth_sandstone":24,"create:water_wheel":3,"minecraft:tall_grass":5,"farmersdelight:wild_tomatoes":8,"minecraft:diorite":9,"minecraft:red_terracotta":1,"minecraft:lime_bed":6,"minecraft:cobblestone_wall":2,"create:gearbox":1,"minecraft:cobweb":2,"minecraft:terracotta":4},"minecraft:dropped":{"minecraft:iron_sword":1,"minecraft:jungle_planks":1,"minecraft:jungle_button":3,"gravestone:obituary":60,"minecraft:bone_meal":1,"minecraft:sand":1,"minecraft:oak_door":2,"minecraft:stone_axe":1,"minecraft:skeleton_skull":1,"minecraft:jungle_log":4,"minecraft:arrow":2,"create:andesite_alloy":2,"minecraft:bread":5,"minecraft:mossy_cobblestone":1,"minecraft:oak_fence":3,"minecraft:cobblestone":23,"minecraft:granite":1,"minecraft:diorite":8,"aoa3:tea_seeds":2,"minecraft:jungle_door":1,"minecraft:green_carpet":2,"minecraft:string":1,"create:shaft":12,"minecraft:stone_sword":1,"minecraft:light_gray_terracotta":3,"minecraft:white_terracotta":3,"minecraft:red_terracotta":1,"minecraft:iron_chestplate":3,"minecraft:andesite":12,"create:hand_crank":1,"minecraft:red_sand":4,"minecraft:stone_pickaxe":1,"minecraft:wooden_pickaxe":2,"minecraft:terracotta":5}},"DataVersion":3465}