{"stats":{"minecraft:used":{"minecraft:water_bucket":14,"minecraft:terracotta":4,"minecraft:birch_slab":32,"minecraft:sponge":4,"minecraft:barrel":1},"minecraft:picked_up":{"minecraft:stick":8,"minecraft:rotten_flesh":2,"minecraft:acacia_button":1},"minecraft:mined":{"minecraft:dead_bush":8},"minecraft:killed_by":{"minecraft:skeleton":2,"minecraft:spider":1},"minecraft:custom":{"minecraft:open_barrel":1,"minecraft:time_since_rest":2174,"minecraft:open_chest":1,"minecraft:crouch_one_cm":548,"minecraft:deaths":3,"minecraft:sprint_one_cm":13924,"minecraft:play_time":20606,"minecraft:damage_taken":795,"minecraft:walk_one_cm":7386,"minecraft:sneak_time":383,"minecraft:walk_under_water_one_cm":693,"minecraft:jump":128,"minecraft:leave_game":1,"minecraft:walk_on_water_one_cm":2007,"minecraft:time_since_death":334,"minecraft:total_world_time":20606,"minecraft:fall_one_cm":5368,"minecraft:fly_one_cm":67367}},"DataVersion":3465}