{"stats":{"minecraft:killed":{"minecraft:witch":1,"minecraft:spider":25,"minecraft:zombie_horse":1,"minecraft:skeleton":47,"minecraft:skeleton_horse":2,"aoa3:ancient_golem":2,"minecraft:zombie_villager":2,"minecraft:salmon":1,"minecraft:creeper":2,"iceandfire:cockatrice":1,"minecraft:sheep":5,"minecraft:zombie":18,"aoa3:goblin":1,"minecraft:cow":2,"iceandfire:fire_dragon":1,"minecraft:drowned":14,"iceandfire:deathworm":2,"aoa3:cyclops":2,"iceandfire:ghost":3},"minecraft:killed_by":{"minecraft:creeper":9,"minecraft:drowned":4,"minecraft:witch":1,"minecraft:zombie":12,"iceandfire:fire_dragon":4,"minecraft:player":5,"iceandfire:deathworm":2,"minecraft:spider":10,"iceandfire:hippogryph":2,"minecraft:skeleton":39,"iceandfire:cockatrice":1},"minecraft:crafted":{"minecraft:oak_planks":860,"cyclic:emerald_shovel":1,"create:vertical_gearbox":1,"minecraft:melon_seeds":4,"cyclic:emerald_axe":1,"minecraft:chest":20,"minecraft:stone_hoe":2,"create:cogwheel":5,"minecraft:oak_fence":60,"minecraft:oak_slab":24,"minecraft:emerald":25,"minecraft:crafting_table":18,"minecraft:wooden_pickaxe":1,"minecraft:fletching_table":2,"minecraft:oak_wood":3,"minecraft:birch_planks":12,"create:gearbox":1,"cyclic:emerald_chestplate":1,"minecraft:iron_chestplate":1,"minecraft:charcoal":6,"create:water_wheel":1,"minecraft:stick":920,"minecraft:iron_pickaxe":2,"minecraft:stone_sword":1,"create:large_cogwheel":1,"minecraft:composter":2,"cyclic:mattock_stone":3,"minecraft:oak_door":12,"minecraft:iron_nugget":9,"minecraft:oak_trapdoor":2,"cyclic:emerald_pickaxe":1,"minecraft:iron_axe":1,"minecraft:ladder":18,"minecraft:stone_pickaxe":2,"minecraft:cobblestone_wall":870,"minecraft:dark_oak_planks":4,"cyclic:compressed_cobblestone":119,"minecraft:wheat":63,"create:large_water_wheel":1,"minecraft:bucket":2,"minecraft:stone_axe":1,"minecraft:bread":58,"minecraft:air":0,"minecraft:jungle_planks":8,"minecraft:oak_boat":4,"minecraft:white_wool":2,"minecraft:cobblestone":525,"minecraft:andesite_slab":6,"minecraft:white_bed":2,"minecraft:acacia_planks":64,"cyclic:emerald_boots":1,"minecraft:torch":272},"minecraft:picked_up":{"minecraft:iron_chestplate":3,"minecraft:wheat":12,"iceandfire:copper_sword":2,"minecraft:flower_pot":2,"minecraft:smithing_table":2,"farmersdelight:rice_panicle":1,"minecraft:oak_stairs":74,"minecraft:acacia_pressure_plate":1,"minecraft:wither_rose":2,"aoa3:carved_rune_of_direction":18,"minecraft:amethyst_block":39,"iceandfire:manuscript":18,"minecraft:string":39,"minecraft:raw_copper":32,"minecraft:oak_sign":3,"create:water_wheel":3,"minecraft:smooth_stone":1,"minecraft:red_sand":28,"minecraft:gold_nugget":10,"minecraft:cobbled_deepslate":16,"minecraft:spruce_planks":1,"minecraft:rose_bush":2,"minecraft:cobblestone_slab":36,"minecraft:iron_pickaxe":1,"minecraft:melon_slice":50,"minecraft:iron_boots":1,"minecraft:furnace":1,"minecraft:stick":214,"iceandfire:ghost_chest":4,"minecraft:jungle_door":1,"minecraft:acacia_fence":4,"minecraft:composter":11,"minecraft:big_dripleaf":1,"minecraft:oak_fence":26,"minecraft:torch":74,"minecraft:green_bed":35,"minecraft:acacia_log":26,"create:andesite_casing":1,"minecraft:sandstone_wall":3,"minecraft:porkchop":3,"iceandfire:rotten_egg":1,"minecraft:diorite":53,"aoa3:carved_rune_of_travel":4,"minecraft:cauldron":8,"create:large_cogwheel":4,"minecraft:orange_bed":10,"minecraft:stone_sword":1,"minecraft:cactus":3,"minecraft:rotten_flesh":100,"iceandfire:fire_dragon_heart":1,"aoa3:raw_limonite":18,"minecraft:white_terracotta":6,"evilcraft:condensed_blood":39,"minecraft:cobblestone":2437,"minecraft:birch_log":3,"minecraft:feather":5,"minecraft:lilac":1,"minecraft:jungle_log":6,"minecraft:andesite":277,"minecraft:flint":28,"minecraft:tuff":7,"minecraft:smooth_sandstone_stairs":8,"create:raw_zinc":4,"evilcraft:flesh_humanoid":13,"minecraft:acacia_boat":1,"minecraft:lapis_lazuli":123,"farmersdelight:tomato":8,"minecraft:dirt":3855,"minecraft:lantern":1,"cyclic:flower_cyan":3,"minecraft:glass":4,"minecraft:bone":93,"minecraft:acacia_planks":4,"minecraft:stonecutter":1,"minecraft:bow":4,"minecraft:wheat_seeds":218,"minecraft:bell":22,"minecraft:grindstone":4,"create:shaft":19,"aoa3:tea_seeds":5,"minecraft:rabbit":1,"cyclic:mattock_stone":3,"minecraft:oak_planks":18,"create:cogwheel":3,"iceandfire:dragon_skull_fire":1,"minecraft:sand":210,"minecraft:jungle_planks":2,"cyclic:flower_absalon_tulip":35,"sophisticatedbackpacks:iron_backpack":1,"aoa3:limonite_ingot":97,"minecraft:dead_bush":1,"minecraft:loom":2,"minecraft:cyan_bed":1,"minecraft:acacia_stairs":10,"minecraft:jungle_slab":7,"minecraft:red_terracotta":3,"aoa3:ivory":2,"minecraft:mossy_cobblestone":3,"iceandfire:chared_cobblestone":1,"minecraft:light_gray_terracotta":6,"minecraft:sugar":3,"minecraft:diamond":2,"iceandfire:lectern":1,"minecraft:granite":105,"minecraft:bone_meal":2,"minecraft:emerald":19,"minecraft:bread":70,"minecraft:oak_sapling":66,"minecraft:dark_oak_fence":1,"minecraft:andesite_slab":6,"iceandfire:raw_silver":8,"minecraft:crafting_table":3,"minecraft:allium":4,"minecraft:azure_bluet":1,"minecraft:purple_wool":3,"iceandfire:witherbone":2,"aoa3:copper_coin":169,"minecraft:ladder":16,"minecraft:leather_leggings":1,"minecraft:wooden_pickaxe":2,"aoa3:carved_rune_of_space":2,"cyclic:compressed_cobblestone":106,"minecraft:acacia_button":1,"gravestone:obituary":44,"minecraft:brick":22,"farmersdelight:cooked_rice":10,"minecraft:oak_trapdoor":2,"minecraft:red_bed":4,"minecraft:iron_axe":1,"evilcraft:poison_sac":2,"aoa3:jade":3,"cyclic:flower_lime_carnation":6,"iceandfire:graveyard_soil":8,"iceandfire:bestiary":2,"minecraft:cartography_table":2,"minecraft:beef":3,"aoa3:raw_charger_shank":2,"minecraft:oak_boat":5,"minecraft:player_head":2,"minecraft:poppy":6,"minecraft:iron_nugget":20,"minecraft:sugar_cane":25,"minecraft:chest":3,"minecraft:egg":6,"minecraft:sandstone":12,"iceandfire:dragonbone":6,"iceandfire:dragonscales_gray":28,"minecraft:oak_door":5,"minecraft:copper_ingot":66,"iceandfire:chared_grass":6,"minecraft:bowl":8,"farmersdelight:tomato_seeds":8,"minecraft:jungle_fence_gate":1,"create:copper_backtank":3,"create:hand_crank":5,"iceandfire:deathworm_chitin_white":6,"create:zinc_ingot":64,"create:vertical_gearbox":4,"minecraft:smooth_sandstone_slab":33,"iceandfire:silver_ingot":32,"minecraft:arrow":62,"cyclic:emerald_pickaxe":1,"minecraft:beetroot_seeds":11,"iceandfire:chared_dirt":1,"minecraft:hay_block":8,"minecraft:yellow_terracotta":19,"minecraft:gold_ingot":37,"minecraft:mutton":9,"minecraft:skeleton_skull":5,"minecraft:white_wool":8,"minecraft:stripped_oak_log":2,"minecraft:lime_bed":15,"aoa3:carved_rune_of_reality":2,"minecraft:glow_ink_sac":4,"minecraft:salmon":4,"minecraft:cut_sandstone":46,"minecraft:leather":10,"minecraft:music_disc_stal":2,"minecraft:acacia_wood":7,"create:andesite_alloy":8,"minecraft:oak_log":278,"iceandfire:ectoplasm":8,"minecraft:jungle_button":3,"minecraft:golden_boots":1,"minecraft:yellow_bed":23,"minecraft:cobblestone_wall":224,"minecraft:gunpowder":8,"minecraft:cobblestone_stairs":2,"minecraft:orange_terracotta":6,"iceandfire:deathworm_tounge":1,"minecraft:smooth_sandstone":213,"minecraft:apple":5,"farmersdelight:cooking_pot":1,"cyclic:flower_purple_tulip":21,"minecraft:wild_armor_trim_smithing_template":2,"minecraft:iron_ingot":7,"minecraft:stone_pickaxe":2,"minecraft:cooked_chicken":1,"minecraft:cobweb":5,"minecraft:stripped_oak_wood":1,"minecraft:iron_sword":2,"minecraft:acacia_sapling":3,"minecraft:green_dye":2,"aoa3:torn_cloth":1,"minecraft:oak_slab":1,"iceandfire:chared_stone":1,"iceandfire:ash":4,"minecraft:gravel":55,"aoa3:scrap_metal":14,"minecraft:amethyst_shard":10,"minecraft:blast_furnace":1,"minecraft:white_bed":11,"minecraft:green_carpet":2,"minecraft:spider_eye":13,"minecraft:leather_helmet":1,"minecraft:stone_axe":1,"evilcraft:dark_gem":56,"minecraft:iron_helmet":1,"minecraft:gray_wool":1,"minecraft:terracotta":27,"minecraft:acacia_slab":3,"minecraft:melon_seeds":4,"minecraft:dark_oak_wood":1,"farmersdelight:stove":1,"minecraft:coal":86},"minecraft:used":{"minecraft:red_sand":3,"minecraft:ladder":18,"minecraft:poppy":1,"minecraft:chest":22,"minecraft:iron_sword":168,"minecraft:bell":22,"aoa3:carved_rune_of_reality":1,"minecraft:rotten_flesh":12,"minecraft:iron_chestplate":1,"minecraft:mutton":1,"create:cogwheel":4,"minecraft:jungle_planks":4,"minecraft:jungle_slab":7,"minecraft:allium":2,"farmersdelight:tomato":6,"minecraft:jungle_fence_gate":1,"minecraft:lantern":1,"iceandfire:ghost_chest":1,"minecraft:oak_sapling":43,"minecraft:egg":3,"minecraft:golden_boots":1,"minecraft:diorite":1,"minecraft:stone_pickaxe":176,"minecraft:oak_planks":1,"minecraft:wooden_pickaxe":31,"minecraft:composter":7,"cyclic:emerald_axe":737,"minecraft:sugar_cane":7,"minecraft:white_wool":1,"minecraft:sand":56,"minecraft:sponge":4,"create:copper_backtank":1,"minecraft:melon_slice":5,"minecraft:birch_slab":32,"minecraft:bread":55,"minecraft:cyan_bed":1,"minecraft:red_terracotta":1,"minecraft:gravel":2,"cyclic:mattock_stone":4104,"minecraft:andesite":85,"minecraft:oak_boat":8,"create:vertical_gearbox":3,"minecraft:purple_wool":1,"create:large_cogwheel":6,"minecraft:oak_fence":26,"minecraft:oak_trapdoor":4,"minecraft:stone_sword":25,"minecraft:spruce_planks":1,"cyclic:emerald_shovel":1673,"minecraft:stone_hoe":163,"minecraft:sandstone_wall":1,"minecraft:oak_door":14,"minecraft:orange_bed":9,"minecraft:torch":306,"minecraft:dirt":3142,"iceandfire:copper_sword":4,"minecraft:cobblestone_wall":860,"cyclic:emerald_pickaxe":496,"minecraft:granite":2,"cyclic:flower_lime_carnation":1,"minecraft:dark_oak_planks":4,"minecraft:iron_axe":36,"minecraft:oak_stairs":1,"minecraft:smooth_sandstone":69,"minecraft:melon_seeds":4,"minecraft:barrel":1,"evilcraft:flesh_humanoid":1,"minecraft:cobbled_deepslate":14,"minecraft:acacia_planks":4,"minecraft:wheat_seeds":74,"minecraft:acacia_boat":1,"minecraft:water_bucket":181,"minecraft:andesite_slab":2,"minecraft:smooth_sandstone_slab":1,"minecraft:cut_sandstone":1,"minecraft:fletching_table":2,"minecraft:green_bed":34,"minecraft:mossy_cobblestone":1,"minecraft:terracotta":11,"minecraft:oak_slab":11,"minecraft:lime_bed":15,"minecraft:crafting_table":18,"minecraft:red_bed":4,"minecraft:white_bed":13,"minecraft:oak_log":1,"minecraft:apple":1,"minecraft:iron_pickaxe":368,"create:water_wheel":3,"create:large_water_wheel":1,"minecraft:stone_axe":78,"minecraft:cobblestone":662,"minecraft:bucket":168,"minecraft:yellow_bed":23},"minecraft:mined":{"minecraft:spruce_planks":2,"minecraft:oak_sapling":7,"minecraft:white_bed":10,"iceandfire:graveyard_soil":8,"minecraft:farmland":16,"minecraft:jungle_slab":6,"create:andesite_casing":1,"minecraft:cobblestone_stairs":11,"minecraft:jungle_leaves":1,"minecraft:potted_dead_bush":1,"minecraft:granite":13,"minecraft:red_sand":4,"minecraft:acacia_log":17,"minecraft:grass_block":1962,"minecraft:jungle_log":4,"iceandfire:lectern":1,"minecraft:composter":11,"minecraft:smooth_stone":4,"minecraft:magma_block":5,"minecraft:iron_ore":1,"minecraft:fire":109,"minecraft:cobbled_deepslate":1,"iceandfire:gold_pile":1,"minecraft:water_cauldron":4,"minecraft:dirt_path":168,"minecraft:oak_stairs":76,"minecraft:green_carpet":2,"minecraft:smooth_sandstone_stairs":10,"minecraft:orange_bed":9,"minecraft:green_bed":30,"iceandfire:chared_cobblestone":1,"minecraft:cut_sandstone":18,"create:cogwheel":3,"cyclic:flower_lime_carnation":4,"minecraft:jungle_door":1,"minecraft:red_bed":4,"minecraft:melon_stem":1,"minecraft:light_gray_terracotta":3,"minecraft:dark_oak_wood":1,"minecraft:blast_furnace":1,"minecraft:melon":9,"minecraft:poppy":1,"iceandfire:ghost_chest":3,"minecraft:dead_bush":185,"minecraft:cobblestone":180,"minecraft:oak_planks":47,"minecraft:sugar_cane":8,"minecraft:cyan_bed":1,"minecraft:grindstone":2,"minecraft:smooth_sandstone_slab":12,"minecraft:wall_torch":3,"aoa3:limonite_ore":12,"minecraft:white_terracotta":3,"minecraft:birch_log":4,"minecraft:wheat":23,"minecraft:stripped_oak_wood":1,"minecraft:wither_rose":2,"minecraft:grass":192,"minecraft:oak_log":249,"minecraft:acacia_fence":2,"minecraft:loom":2,"minecraft:sand":131,"minecraft:dirt":2460,"minecraft:sandstone_wall":2,"minecraft:stonecutter":1,"minecraft:netherrack":64,"minecraft:deepslate":13,"minecraft:oak_leaves":94,"iceandfire:chared_stone":1,"minecraft:yellow_terracotta":10,"create:zinc_ore":8,"minecraft:diamond_ore":1,"minecraft:mossy_cobblestone":11,"minecraft:oak_door":5,"cyclic:compressed_cobblestone":1,"gravestone:gravestone":68,"minecraft:ladder":5,"create:large_cogwheel":3,"minecraft:jungle_planks":2,"iceandfire:chared_dirt":6,"minecraft:cartography_table":1,"iceandfire:chared_grass":26,"minecraft:large_fern":1,"minecraft:hay_block":8,"minecraft:oak_trapdoor":3,"minecraft:chiseled_sandstone":1,"minecraft:acacia_wood":2,"minecraft:andesite":51,"minecraft:acacia_stairs":10,"minecraft:bell":20,"minecraft:vine":5,"minecraft:stripped_oak_log":2,"minecraft:stone":1041,"minecraft:smithing_table":2,"minecraft:oak_slab":2,"minecraft:acacia_leaves":15,"cyclic:flower_absalon_tulip":9,"minecraft:glass_pane":4,"cyclic:flower_purple_tulip":1,"minecraft:oak_fence":30,"minecraft:smooth_sandstone":135,"minecraft:crafting_table":1,"minecraft:emerald_ore":8,"create:water_wheel":3,"minecraft:copper_ore":1,"minecraft:tall_grass":48,"minecraft:lapis_ore":3,"farmersdelight:wild_tomatoes":8,"minecraft:diorite":44,"minecraft:lime_bed":12,"minecraft:red_terracotta":1,"minecraft:cobblestone_wall":40,"minecraft:acacia_fence_gate":1,"create:gearbox":1,"iceandfire:ash":9,"minecraft:yellow_bed":23,"minecraft:coal_ore":1,"minecraft:gravel":22,"minecraft:cobweb":2,"minecraft:terracotta":8,"minecraft:acacia_planks":4},"minecraft:custom":{"minecraft:interact_with_crafting_table":79,"minecraft:open_barrel":5,"minecraft:bell_ring":369,"minecraft:leave_game":22,"minecraft:time_since_death":26770,"minecraft:sprint_one_cm":1426758,"minecraft:drop":216,"minecraft:talked_to_villager":35,"minecraft:play_time":845143,"minecraft:deaths":100,"minecraft:jump":11546,"minecraft:walk_on_water_one_cm":249690,"minecraft:interact_with_furnace":18,"minecraft:traded_with_villager":31,"minecraft:sleep_in_bed":43,"minecraft:damage_dealt":25688,"minecraft:player_kills":1,"minecraft:crouch_one_cm":116375,"minecraft:horse_one_cm":7,"minecraft:mob_kills":139,"minecraft:climb_one_cm":61059,"minecraft:walk_one_cm":1738551,"minecraft:damage_dealt_absorbed":200,"minecraft:sneak_time":28484,"minecraft:walk_under_water_one_cm":240823,"minecraft:boat_one_cm":825463,"minecraft:total_world_time":845143,"minecraft:tune_noteblock":3,"minecraft:time_since_rest":26792,"minecraft:damage_taken":29555,"minecraft:trigger_trapped_chest":1,"minecraft:swim_one_cm":432612,"minecraft:fly_one_cm":2341137,"minecraft:open_chest":219,"minecraft:fall_one_cm":311004},"minecraft:broken":{"minecraft:leather_leggings":1,"minecraft:stone_pickaxe":1,"cyclic:mattock_stone":4,"cyclic:emerald_shovel":1,"minecraft:stone_hoe":1,"minecraft:iron_helmet":2},"minecraft:dropped":{"minecraft:iron_sword":1,"minecraft:oak_log":32,"minecraft:crafting_table":1,"iceandfire:chared_dirt":1,"minecraft:jungle_planks":1,"iceandfire:ectoplasm":4,"minecraft:dirt":193,"minecraft:jungle_button":3,"gravestone:obituary":99,"minecraft:bone_meal":1,"iceandfire:ash":2,"minecraft:sand":1,"minecraft:stripped_oak_wood":1,"minecraft:music_disc_stal":1,"minecraft:bone":8,"minecraft:oak_door":2,"minecraft:gravel":1,"minecraft:stone_axe":1,"minecraft:iron_nugget":4,"minecraft:rotten_flesh":8,"minecraft:oak_planks":1,"cyclic:mattock_stone":1,"evilcraft:flesh_humanoid":1,"minecraft:skeleton_skull":1,"minecraft:jungle_log":4,"minecraft:ladder":9,"minecraft:arrow":9,"iceandfire:chared_grass":6,"iceandfire:manuscript":6,"create:andesite_alloy":2,"minecraft:water_bucket":1,"minecraft:bread":41,"minecraft:wheat_seeds":31,"aoa3:scrap_metal":4,"minecraft:mossy_cobblestone":1,"minecraft:oak_fence":7,"minecraft:yellow_terracotta":1,"minecraft:cobblestone":143,"minecraft:granite":1,"minecraft:acacia_log":3,"minecraft:stick":1,"minecraft:diorite":8,"aoa3:tea_seeds":2,"minecraft:torch":11,"minecraft:green_dye":1,"minecraft:jungle_door":1,"minecraft:green_carpet":2,"minecraft:oak_stairs":10,"minecraft:smooth_sandstone_slab":10,"minecraft:smooth_stone":1,"minecraft:string":7,"iceandfire:dragon_skull_fire":1,"iceandfire:dragonbone":6,"iceandfire:dragonscales_gray":28,"create:shaft":12,"minecraft:stone_sword":1,"minecraft:cobblestone_wall":64,"minecraft:light_gray_terracotta":3,"minecraft:white_terracotta":3,"cyclic:emerald_pickaxe":2,"minecraft:red_terracotta":1,"minecraft:allium":2,"minecraft:iron_chestplate":3,"minecraft:andesite":12,"create:hand_crank":1,"minecraft:spider_eye":1,"minecraft:red_sand":4,"iceandfire:fire_dragon_heart":1,"minecraft:stone_pickaxe":1,"minecraft:wooden_pickaxe":2,"minecraft:terracotta":5}},"DataVersion":3465}