{"stats":{"minecraft:killed_by":{"minecraft:player":4,"iceandfire:deathworm":2,"minecraft:creeper":6,"minecraft:spider":10,"iceandfire:hippogryph":2,"minecraft:skeleton":24,"minecraft:witch":1,"minecraft:zombie":10},"minecraft:used":{"minecraft:oak_fence":21,"minecraft:oak_trapdoor":3,"minecraft:red_sand":3,"minecraft:chest":3,"minecraft:ladder":10,"minecraft:spruce_planks":1,"minecraft:iron_sword":158,"minecraft:bell":1,"minecraft:sandstone_wall":1,"minecraft:rotten_flesh":5,"minecraft:iron_chestplate":1,"minecraft:oak_door":11,"minecraft:torch":34,"minecraft:mutton":1,"minecraft:dirt":32,"iceandfire:copper_sword":4,"create:cogwheel":4,"minecraft:jungle_planks":4,"minecraft:cobblestone_wall":16,"minecraft:jungle_slab":7,"minecraft:dark_oak_planks":4,"minecraft:jungle_fence_gate":1,"minecraft:lantern":1,"minecraft:iron_axe":36,"minecraft:smooth_sandstone":2,"iceandfire:ghost_chest":1,"evilcraft:flesh_humanoid":1,"minecraft:barrel":1,"minecraft:oak_sapling":43,"minecraft:acacia_planks":4,"minecraft:water_bucket":17,"minecraft:stone_pickaxe":176,"minecraft:oak_planks":1,"minecraft:andesite_slab":2,"minecraft:wooden_pickaxe":31,"cyclic:emerald_axe":195,"minecraft:cut_sandstone":1,"minecraft:fletching_table":1,"minecraft:sugar_cane":7,"minecraft:green_bed":5,"minecraft:white_wool":1,"minecraft:terracotta":11,"minecraft:sand":26,"minecraft:lime_bed":8,"minecraft:crafting_table":6,"minecraft:sponge":4,"minecraft:oak_log":1,"minecraft:apple":1,"create:copper_backtank":1,"minecraft:iron_pickaxe":124,"minecraft:birch_slab":32,"minecraft:bread":13,"minecraft:cyan_bed":1,"create:water_wheel":3,"minecraft:red_terracotta":1,"create:large_water_wheel":1,"minecraft:stone_axe":78,"minecraft:cobblestone":285,"minecraft:andesite":77,"minecraft:bucket":3,"minecraft:oak_boat":1,"create:vertical_gearbox":3,"minecraft:purple_wool":1,"create:large_cogwheel":6},"minecraft:broken":{"minecraft:stone_pickaxe":1,"minecraft:iron_helmet":1},"minecraft:crafted":{"minecraft:oak_door":9,"minecraft:oak_planks":504,"cyclic:emerald_shovel":1,"minecraft:iron_nugget":9,"minecraft:oak_trapdoor":2,"create:vertical_gearbox":1,"cyclic:emerald_pickaxe":1,"minecraft:iron_axe":1,"minecraft:ladder":9,"cyclic:emerald_axe":1,"minecraft:cobblestone_wall":24,"minecraft:stone_pickaxe":2,"minecraft:chest":3,"minecraft:dark_oak_planks":4,"create:cogwheel":5,"minecraft:oak_fence":24,"minecraft:wheat":63,"minecraft:emerald":19,"minecraft:crafting_table":6,"minecraft:wooden_pickaxe":1,"create:large_water_wheel":1,"minecraft:fletching_table":1,"minecraft:bucket":1,"minecraft:oak_wood":3,"minecraft:stone_axe":1,"minecraft:bread":21,"minecraft:air":0,"minecraft:jungle_planks":8,"create:gearbox":1,"minecraft:oak_boat":1,"cyclic:emerald_chestplate":1,"minecraft:iron_chestplate":1,"create:water_wheel":1,"minecraft:charcoal":6,"minecraft:stick":608,"minecraft:andesite_slab":6,"minecraft:iron_pickaxe":1,"create:large_cogwheel":1,"minecraft:acacia_planks":8,"cyclic:emerald_boots":1,"minecraft:torch":24},"minecraft:killed":{"minecraft:spider":5,"minecraft:zombie_horse":1,"minecraft:skeleton":11,"minecraft:drowned":1,"iceandfire:deathworm":1,"minecraft:skeleton_horse":1,"aoa3:ancient_golem":1,"aoa3:cyclops":2,"minecraft:creeper":1,"minecraft:sheep":5,"iceandfire:ghost":2,"minecraft:zombie":6,"minecraft:cow":2},"minecraft:mined":{"minecraft:yellow_terracotta":4,"minecraft:spruce_planks":2,"minecraft:oak_sapling":7,"minecraft:mossy_cobblestone":1,"minecraft:oak_door":3,"minecraft:jungle_slab":6,"create:andesite_casing":1,"minecraft:jungle_leaves":1,"minecraft:ladder":2,"minecraft:potted_dead_bush":1,"gravestone:gravestone":30,"minecraft:red_sand":4,"minecraft:grass_block":2,"create:large_cogwheel":3,"minecraft:jungle_planks":2,"minecraft:jungle_log":4,"minecraft:large_fern":1,"minecraft:hay_block":7,"minecraft:oak_trapdoor":2,"minecraft:fire":89,"minecraft:acacia_wood":2,"minecraft:andesite":34,"minecraft:bell":1,"minecraft:vine":2,"minecraft:green_carpet":2,"minecraft:smooth_sandstone_stairs":10,"minecraft:stone":174,"minecraft:green_bed":4,"minecraft:cut_sandstone":10,"create:cogwheel":3,"minecraft:jungle_door":1,"minecraft:oak_fence":16,"minecraft:smooth_sandstone":24,"minecraft:light_gray_terracotta":3,"minecraft:dark_oak_wood":1,"iceandfire:ghost_chest":3,"minecraft:dead_bush":177,"create:water_wheel":3,"minecraft:tall_grass":5,"minecraft:cobblestone":34,"farmersdelight:wild_tomatoes":8,"minecraft:cyan_bed":1,"minecraft:sugar_cane":6,"minecraft:oak_planks":1,"minecraft:diorite":7,"minecraft:smooth_sandstone_slab":12,"minecraft:white_terracotta":3,"minecraft:lime_bed":6,"minecraft:red_terracotta":1,"minecraft:cobblestone_wall":2,"create:gearbox":1,"minecraft:wither_rose":1,"minecraft:grass":20,"minecraft:oak_log":189,"minecraft:sand":14,"minecraft:dirt":16,"minecraft:cobweb":2,"minecraft:terracotta":4,"minecraft:oak_leaves":87},"minecraft:dropped":{"minecraft:bread":5,"minecraft:mossy_cobblestone":1,"minecraft:oak_fence":3,"minecraft:cobblestone":23,"minecraft:granite":1,"minecraft:jungle_planks":1,"minecraft:jungle_button":3,"minecraft:diorite":7,"minecraft:jungle_door":1,"minecraft:green_carpet":2,"gravestone:obituary":50,"minecraft:sand":1,"minecraft:string":1,"minecraft:oak_door":2,"minecraft:stone_axe":1,"create:shaft":12,"minecraft:light_gray_terracotta":3,"minecraft:white_terracotta":3,"minecraft:red_terracotta":1,"minecraft:skeleton_skull":1,"minecraft:andesite":12,"minecraft:jungle_log":4,"create:hand_crank":1,"minecraft:red_sand":4,"minecraft:arrow":2,"minecraft:wooden_pickaxe":2,"minecraft:stone_pickaxe":1,"create:andesite_alloy":2,"minecraft:terracotta":5},"minecraft:custom":{"minecraft:mob_kills":43,"minecraft:interact_with_crafting_table":32,"minecraft:open_barrel":5,"minecraft:bell_ring":23,"minecraft:leave_game":8,"minecraft:time_since_death":7152,"minecraft:climb_one_cm":27697,"minecraft:sprint_one_cm":652365,"minecraft:walk_one_cm":474814,"minecraft:drop":84,"minecraft:talked_to_villager":12,"minecraft:play_time":339911,"minecraft:sneak_time":9001,"minecraft:deaths":60,"minecraft:walk_under_water_one_cm":107670,"minecraft:boat_one_cm":85456,"minecraft:jump":4751,"minecraft:walk_on_water_one_cm":94481,"minecraft:total_world_time":339911,"minecraft:interact_with_furnace":16,"minecraft:traded_with_villager":19,"minecraft:tune_noteblock":3,"minecraft:sleep_in_bed":13,"minecraft:time_since_rest":7252,"minecraft:damage_taken":16671,"minecraft:damage_dealt":7486,"minecraft:player_kills":1,"minecraft:swim_one_cm":266061,"minecraft:fly_one_cm":1012500,"minecraft:open_chest":65,"minecraft:crouch_one_cm":23218,"minecraft:fall_one_cm":133876,"minecraft:horse_one_cm":7},"minecraft:picked_up":{"minecraft:ladder":2,"minecraft:purple_wool":2,"aoa3:copper_coin":39,"iceandfire:copper_sword":2,"minecraft:flower_pot":1,"minecraft:wooden_pickaxe":2,"farmersdelight:rice_panicle":1,"minecraft:acacia_pressure_plate":1,"cyclic:compressed_cobblestone":41,"minecraft:wither_rose":1,"minecraft:acacia_button":1,"gravestone:obituary":25,"minecraft:iron_axe":1,"minecraft:string":6,"iceandfire:manuscript":6,"minecraft:oak_trapdoor":1,"minecraft:raw_copper":8,"evilcraft:poison_sac":1,"minecraft:oak_sign":1,"create:water_wheel":3,"minecraft:red_sand":28,"minecraft:spruce_planks":1,"minecraft:beef":3,"aoa3:raw_charger_shank":2,"minecraft:player_head":1,"minecraft:iron_nugget":10,"minecraft:sugar_cane":11,"minecraft:sandstone":12,"minecraft:stick":198,"iceandfire:ghost_chest":4,"minecraft:jungle_door":1,"minecraft:oak_door":5,"minecraft:oak_fence":12,"minecraft:torch":26,"minecraft:bowl":8,"minecraft:green_bed":6,"create:andesite_casing":1,"minecraft:sandstone_wall":1,"farmersdelight:tomato_seeds":8,"minecraft:jungle_fence_gate":1,"create:copper_backtank":1,"create:hand_crank":1,"minecraft:diorite":28,"iceandfire:deathworm_chitin_white":2,"create:vertical_gearbox":2,"minecraft:smooth_sandstone_slab":12,"create:large_cogwheel":4,"iceandfire:silver_ingot":2,"minecraft:arrow":10,"minecraft:rotten_flesh":47,"minecraft:hay_block":7,"minecraft:yellow_terracotta":8,"minecraft:white_terracotta":6,"minecraft:mutton":6,"minecraft:skeleton_skull":4,"minecraft:white_wool":4,"minecraft:cobblestone":690,"minecraft:lime_bed":8,"minecraft:feather":2,"minecraft:lilac":1,"minecraft:andesite":196,"minecraft:jungle_log":6,"minecraft:cut_sandstone":10,"minecraft:leather":2,"minecraft:acacia_wood":4,"minecraft:smooth_sandstone_stairs":8,"evilcraft:flesh_humanoid":5,"create:andesite_alloy":3,"minecraft:oak_log":202,"minecraft:jungle_button":3,"minecraft:cobblestone_wall":2,"minecraft:lapis_lazuli":15,"farmersdelight:tomato":2,"minecraft:dirt":37,"minecraft:lantern":1,"minecraft:orange_terracotta":6,"minecraft:smooth_sandstone":25,"minecraft:bone":28,"minecraft:apple":5,"farmersdelight:cooking_pot":1,"minecraft:wheat_seeds":2,"minecraft:bell":1,"minecraft:stone_pickaxe":1,"minecraft:cobweb":2,"create:shaft":19,"minecraft:iron_sword":2,"minecraft:oak_planks":1,"create:cogwheel":3,"minecraft:gravel":1,"minecraft:sand":75,"minecraft:jungle_planks":2,"aoa3:ivory":2,"minecraft:dead_bush":1,"minecraft:spider_eye":4,"minecraft:cyan_bed":1,"minecraft:jungle_slab":7,"minecraft:green_carpet":2,"minecraft:red_terracotta":3,"minecraft:mossy_cobblestone":2,"minecraft:light_gray_terracotta":6,"minecraft:sugar":3,"minecraft:stone_axe":1,"minecraft:iron_helmet":1,"minecraft:granite":3,"minecraft:gray_wool":1,"minecraft:terracotta":22,"minecraft:oak_sapling":47,"farmersdelight:stove":1,"minecraft:dark_oak_wood":1,"minecraft:dark_oak_fence":1}},"DataVersion":3465}