{"stats":{"minecraft:broken":{"minecraft:leather_leggings":1,"minecraft:stone_pickaxe":1,"minecraft:iron_helmet":2},"minecraft:custom":{"minecraft:interact_with_crafting_table":48,"minecraft:open_barrel":5,"minecraft:bell_ring":121,"minecraft:leave_game":13,"minecraft:time_since_death":35084,"minecraft:sprint_one_cm":944322,"minecraft:drop":136,"minecraft:talked_to_villager":17,"minecraft:play_time":552714,"minecraft:deaths":79,"minecraft:jump":6683,"minecraft:walk_on_water_one_cm":126253,"minecraft:interact_with_furnace":16,"minecraft:traded_with_villager":19,"minecraft:sleep_in_bed":30,"minecraft:damage_dealt":17262,"minecraft:player_kills":1,"minecraft:crouch_one_cm":55720,"minecraft:horse_one_cm":7,"minecraft:mob_kills":101,"minecraft:climb_one_cm":58244,"minecraft:walk_one_cm":903184,"minecraft:sneak_time":16248,"minecraft:walk_under_water_one_cm":175897,"minecraft:boat_one_cm":349494,"minecraft:total_world_time":552714,"minecraft:tune_noteblock":3,"minecraft:time_since_rest":9502,"minecraft:damage_taken":22327,"minecraft:trigger_trapped_chest":1,"minecraft:swim_one_cm":360371,"minecraft:fly_one_cm":1312443,"minecraft:open_chest":129,"minecraft:fall_one_cm":177153},"minecraft:used":{"minecraft:red_sand":3,"minecraft:ladder":11,"minecraft:chest":13,"minecraft:iron_sword":168,"minecraft:bell":8,"minecraft:rotten_flesh":5,"minecraft:iron_chestplate":1,"minecraft:mutton":1,"create:cogwheel":4,"minecraft:jungle_planks":4,"minecraft:jungle_slab":7,"minecraft:jungle_fence_gate":1,"minecraft:lantern":1,"iceandfire:ghost_chest":1,"minecraft:oak_sapling":43,"minecraft:diorite":1,"minecraft:stone_pickaxe":176,"minecraft:oak_planks":1,"minecraft:wooden_pickaxe":31,"cyclic:emerald_axe":425,"minecraft:sugar_cane":7,"minecraft:white_wool":1,"minecraft:sand":56,"minecraft:sponge":4,"create:copper_backtank":1,"minecraft:birch_slab":32,"minecraft:bread":29,"minecraft:cyan_bed":1,"minecraft:red_terracotta":1,"minecraft:gravel":1,"cyclic:mattock_stone":364,"minecraft:andesite":77,"minecraft:oak_boat":6,"create:vertical_gearbox":3,"minecraft:purple_wool":1,"create:large_cogwheel":6,"minecraft:oak_fence":26,"minecraft:oak_trapdoor":4,"minecraft:spruce_planks":1,"cyclic:emerald_shovel":1022,"minecraft:sandstone_wall":1,"minecraft:oak_door":11,"minecraft:orange_bed":9,"minecraft:torch":64,"minecraft:dirt":541,"iceandfire:copper_sword":4,"minecraft:cobblestone_wall":600,"cyclic:emerald_pickaxe":458,"minecraft:granite":2,"cyclic:flower_lime_carnation":1,"minecraft:dark_oak_planks":4,"minecraft:iron_axe":36,"minecraft:smooth_sandstone":69,"minecraft:barrel":1,"evilcraft:flesh_humanoid":1,"minecraft:acacia_planks":4,"minecraft:wheat_seeds":7,"minecraft:water_bucket":17,"minecraft:andesite_slab":2,"minecraft:smooth_sandstone_slab":1,"minecraft:cut_sandstone":1,"minecraft:fletching_table":1,"minecraft:green_bed":18,"minecraft:terracotta":11,"minecraft:lime_bed":14,"minecraft:crafting_table":9,"minecraft:red_bed":1,"minecraft:oak_log":1,"minecraft:apple":1,"minecraft:iron_pickaxe":124,"create:water_wheel":3,"create:large_water_wheel":1,"minecraft:stone_axe":78,"minecraft:cobblestone":578,"minecraft:bucket":3},"minecraft:picked_up":{"minecraft:iron_chestplate":3,"minecraft:wheat":8,"iceandfire:copper_sword":2,"minecraft:flower_pot":2,"farmersdelight:rice_panicle":1,"minecraft:acacia_pressure_plate":1,"minecraft:wither_rose":2,"aoa3:carved_rune_of_direction":11,"minecraft:amethyst_block":39,"iceandfire:manuscript":18,"minecraft:string":20,"minecraft:raw_copper":32,"minecraft:oak_sign":3,"create:water_wheel":3,"minecraft:red_sand":28,"minecraft:gold_nugget":8,"minecraft:cobbled_deepslate":2,"minecraft:spruce_planks":1,"minecraft:rose_bush":2,"minecraft:cobblestone_slab":36,"minecraft:iron_pickaxe":1,"minecraft:iron_boots":1,"minecraft:furnace":1,"minecraft:stick":205,"iceandfire:ghost_chest":4,"minecraft:jungle_door":1,"minecraft:acacia_fence":2,"minecraft:composter":6,"minecraft:big_dripleaf":1,"minecraft:oak_fence":16,"minecraft:torch":44,"minecraft:acacia_log":13,"minecraft:green_bed":19,"create:andesite_casing":1,"minecraft:sandstone_wall":2,"iceandfire:rotten_egg":1,"minecraft:diorite":46,"aoa3:carved_rune_of_travel":3,"minecraft:cauldron":4,"create:large_cogwheel":4,"minecraft:orange_bed":9,"minecraft:stone_sword":1,"minecraft:cactus":3,"minecraft:rotten_flesh":76,"aoa3:raw_limonite":2,"minecraft:white_terracotta":6,"minecraft:cobblestone":1769,"minecraft:lilac":1,"minecraft:feather":5,"minecraft:andesite":260,"minecraft:jungle_log":6,"minecraft:flint":12,"create:raw_zinc":2,"minecraft:tuff":7,"minecraft:smooth_sandstone_stairs":8,"evilcraft:flesh_humanoid":11,"minecraft:lantern":1,"minecraft:lapis_lazuli":101,"farmersdelight:tomato":2,"minecraft:dirt":864,"minecraft:glass":3,"minecraft:bone":59,"minecraft:acacia_planks":4,"minecraft:bow":3,"minecraft:wheat_seeds":70,"minecraft:bell":8,"minecraft:grindstone":2,"create:shaft":19,"aoa3:tea_seeds":2,"minecraft:rabbit":1,"cyclic:mattock_stone":3,"minecraft:oak_planks":4,"create:cogwheel":3,"minecraft:jungle_planks":2,"minecraft:sand":208,"cyclic:flower_absalon_tulip":22,"minecraft:loom":2,"minecraft:dead_bush":1,"minecraft:cyan_bed":1,"minecraft:acacia_stairs":10,"minecraft:jungle_slab":7,"minecraft:red_terracotta":3,"aoa3:ivory":2,"minecraft:mossy_cobblestone":2,"minecraft:light_gray_terracotta":6,"minecraft:sugar":3,"iceandfire:lectern":1,"minecraft:granite":105,"minecraft:bone_meal":2,"minecraft:bread":34,"minecraft:oak_sapling":63,"minecraft:dark_oak_fence":1,"minecraft:andesite_slab":6,"iceandfire:raw_silver":8,"minecraft:crafting_table":2,"minecraft:purple_wool":3,"aoa3:copper_coin":138,"minecraft:ladder":7,"minecraft:leather_leggings":1,"minecraft:wooden_pickaxe":2,"aoa3:carved_rune_of_space":1,"cyclic:compressed_cobblestone":42,"minecraft:acacia_button":1,"gravestone:obituary":34,"minecraft:brick":22,"farmersdelight:cooked_rice":10,"minecraft:oak_trapdoor":2,"minecraft:red_bed":1,"minecraft:iron_axe":1,"evilcraft:poison_sac":2,"aoa3:jade":1,"cyclic:flower_lime_carnation":4,"iceandfire:graveyard_soil":8,"iceandfire:bestiary":1,"minecraft:cartography_table":1,"minecraft:beef":3,"aoa3:raw_charger_shank":2,"minecraft:oak_boat":3,"minecraft:player_head":2,"minecraft:iron_nugget":13,"minecraft:poppy":3,"minecraft:sugar_cane":25,"minecraft:chest":2,"minecraft:egg":1,"minecraft:sandstone":12,"minecraft:oak_door":5,"minecraft:copper_ingot":2,"minecraft:bowl":8,"farmersdelight:tomato_seeds":8,"minecraft:jungle_fence_gate":1,"create:copper_backtank":2,"create:hand_crank":3,"iceandfire:deathworm_chitin_white":6,"create:vertical_gearbox":3,"minecraft:smooth_sandstone_slab":33,"iceandfire:silver_ingot":2,"minecraft:arrow":42,"minecraft:beetroot_seeds":11,"minecraft:hay_block":7,"minecraft:yellow_terracotta":19,"minecraft:mutton":6,"minecraft:skeleton_skull":5,"minecraft:white_wool":4,"minecraft:lime_bed":14,"minecraft:glow_ink_sac":2,"minecraft:salmon":4,"minecraft:cut_sandstone":28,"minecraft:leather":2,"minecraft:acacia_wood":5,"create:andesite_alloy":3,"minecraft:oak_log":206,"minecraft:jungle_button":3,"minecraft:cobblestone_wall":81,"minecraft:orange_terracotta":6,"iceandfire:deathworm_tounge":1,"minecraft:smooth_sandstone":176,"minecraft:apple":5,"farmersdelight:cooking_pot":1,"cyclic:flower_purple_tulip":10,"minecraft:stone_pickaxe":2,"minecraft:cobweb":5,"minecraft:iron_sword":2,"minecraft:acacia_sapling":2,"minecraft:green_dye":2,"minecraft:gravel":27,"aoa3:scrap_metal":4,"minecraft:amethyst_shard":10,"minecraft:green_carpet":2,"minecraft:spider_eye":6,"minecraft:stone_axe":1,"minecraft:iron_helmet":1,"minecraft:gray_wool":1,"minecraft:terracotta":26,"minecraft:melon_seeds":3,"minecraft:dark_oak_wood":1,"farmersdelight:stove":1,"minecraft:coal":11},"minecraft:killed_by":{"minecraft:creeper":8,"minecraft:drowned":4,"minecraft:witch":1,"minecraft:zombie":10,"iceandfire:fire_dragon":1,"minecraft:player":4,"iceandfire:deathworm":2,"minecraft:spider":10,"iceandfire:hippogryph":2,"minecraft:skeleton":32},"minecraft:crafted":{"minecraft:oak_planks":644,"cyclic:emerald_shovel":1,"create:vertical_gearbox":1,"cyclic:emerald_axe":1,"minecraft:chest":11,"create:cogwheel":5,"minecraft:oak_fence":60,"minecraft:emerald":19,"minecraft:crafting_table":9,"minecraft:wooden_pickaxe":1,"minecraft:fletching_table":1,"minecraft:oak_wood":3,"create:gearbox":1,"cyclic:emerald_chestplate":1,"minecraft:iron_chestplate":1,"minecraft:charcoal":6,"create:water_wheel":1,"minecraft:stick":644,"minecraft:iron_pickaxe":1,"create:large_cogwheel":1,"minecraft:oak_door":9,"minecraft:iron_nugget":9,"minecraft:oak_trapdoor":2,"cyclic:emerald_pickaxe":1,"minecraft:ladder":9,"minecraft:iron_axe":1,"minecraft:stone_pickaxe":2,"minecraft:cobblestone_wall":690,"minecraft:dark_oak_planks":4,"cyclic:compressed_cobblestone":98,"minecraft:wheat":63,"create:large_water_wheel":1,"minecraft:bucket":1,"minecraft:stone_axe":1,"minecraft:bread":22,"minecraft:air":0,"minecraft:jungle_planks":8,"minecraft:oak_boat":3,"minecraft:cobblestone":345,"minecraft:andesite_slab":6,"minecraft:acacia_planks":8,"cyclic:emerald_boots":1,"minecraft:torch":60},"minecraft:killed":{"minecraft:spider":12,"minecraft:zombie_horse":1,"minecraft:skeleton":38,"minecraft:skeleton_horse":2,"aoa3:ancient_golem":2,"minecraft:zombie_villager":1,"minecraft:salmon":1,"minecraft:creeper":1,"minecraft:sheep":5,"minecraft:zombie":9,"aoa3:goblin":1,"minecraft:cow":2,"minecraft:drowned":14,"iceandfire:deathworm":2,"aoa3:cyclops":2,"iceandfire:ghost":3},"minecraft:mined":{"minecraft:spruce_planks":2,"iceandfire:graveyard_soil":8,"minecraft:oak_sapling":7,"minecraft:farmland":16,"minecraft:jungle_slab":6,"create:andesite_casing":1,"minecraft:jungle_leaves":1,"minecraft:potted_dead_bush":1,"minecraft:granite":2,"minecraft:red_sand":4,"minecraft:acacia_log":14,"minecraft:grass_block":553,"minecraft:jungle_log":4,"iceandfire:lectern":1,"minecraft:composter":6,"minecraft:magma_block":5,"minecraft:fire":104,"minecraft:water_cauldron":4,"minecraft:dirt_path":42,"minecraft:green_carpet":2,"minecraft:smooth_sandstone_stairs":10,"minecraft:green_bed":17,"minecraft:orange_bed":9,"create:cogwheel":3,"minecraft:cut_sandstone":18,"cyclic:flower_lime_carnation":2,"minecraft:jungle_door":1,"minecraft:red_bed":1,"minecraft:melon_stem":1,"minecraft:light_gray_terracotta":3,"minecraft:dark_oak_wood":1,"iceandfire:ghost_chest":3,"minecraft:dead_bush":177,"minecraft:cobblestone":59,"minecraft:cyan_bed":1,"minecraft:grindstone":2,"minecraft:sugar_cane":8,"minecraft:oak_planks":1,"minecraft:smooth_sandstone_slab":12,"aoa3:limonite_ore":2,"minecraft:white_terracotta":3,"minecraft:wheat":19,"minecraft:wither_rose":2,"minecraft:grass":108,"minecraft:oak_log":193,"minecraft:acacia_fence":2,"minecraft:loom":2,"minecraft:sand":131,"minecraft:dirt":267,"minecraft:sandstone_wall":2,"minecraft:netherrack":64,"minecraft:oak_leaves":91,"create:zinc_ore":8,"minecraft:yellow_terracotta":10,"minecraft:mossy_cobblestone":1,"minecraft:oak_door":3,"cyclic:compressed_cobblestone":1,"gravestone:gravestone":50,"minecraft:ladder":2,"create:large_cogwheel":3,"minecraft:jungle_planks":2,"minecraft:cartography_table":1,"minecraft:large_fern":1,"minecraft:hay_block":7,"minecraft:oak_trapdoor":3,"minecraft:chiseled_sandstone":1,"minecraft:acacia_wood":2,"minecraft:acacia_stairs":10,"minecraft:andesite":34,"minecraft:bell":8,"minecraft:vine":5,"minecraft:stone":675,"minecraft:acacia_leaves":15,"cyclic:flower_absalon_tulip":9,"cyclic:flower_purple_tulip":1,"minecraft:oak_fence":21,"minecraft:smooth_sandstone":135,"create:water_wheel":3,"minecraft:tall_grass":7,"minecraft:copper_ore":1,"farmersdelight:wild_tomatoes":8,"minecraft:diorite":9,"minecraft:lime_bed":12,"minecraft:red_terracotta":1,"minecraft:cobblestone_wall":19,"minecraft:acacia_fence_gate":1,"create:gearbox":1,"minecraft:coal_ore":1,"minecraft:cobweb":2,"minecraft:terracotta":8,"minecraft:acacia_planks":4},"minecraft:dropped":{"minecraft:iron_sword":1,"minecraft:oak_log":32,"minecraft:jungle_planks":1,"minecraft:jungle_button":3,"gravestone:obituary":72,"minecraft:bone_meal":1,"minecraft:sand":1,"minecraft:bone":2,"minecraft:oak_door":2,"minecraft:gravel":1,"minecraft:stone_axe":1,"minecraft:oak_planks":1,"cyclic:mattock_stone":1,"minecraft:skeleton_skull":1,"minecraft:jungle_log":4,"minecraft:arrow":2,"iceandfire:manuscript":6,"create:andesite_alloy":2,"minecraft:bread":5,"minecraft:wheat_seeds":8,"aoa3:scrap_metal":3,"minecraft:mossy_cobblestone":1,"minecraft:oak_fence":3,"minecraft:yellow_terracotta":1,"minecraft:cobblestone":139,"minecraft:granite":1,"minecraft:diorite":8,"aoa3:tea_seeds":2,"minecraft:green_dye":1,"minecraft:jungle_door":1,"minecraft:green_carpet":2,"minecraft:smooth_sandstone_slab":10,"minecraft:string":6,"create:shaft":12,"minecraft:stone_sword":1,"minecraft:light_gray_terracotta":3,"minecraft:white_terracotta":3,"minecraft:red_terracotta":1,"minecraft:iron_chestplate":3,"minecraft:andesite":12,"create:hand_crank":1,"minecraft:red_sand":4,"minecraft:stone_pickaxe":1,"minecraft:wooden_pickaxe":2,"minecraft:terracotta":5}},"DataVersion":3465}