{"stats":{"minecraft:picked_up":{"minecraft:dirt":1},"minecraft:custom":{"minecraft:jump":20,"minecraft:time_since_rest":838,"minecraft:crouch_one_cm":189,"minecraft:sprint_one_cm":931,"minecraft:play_time":838,"minecraft:time_since_death":838,"minecraft:walk_one_cm":1908,"minecraft:sneak_time":28,"minecraft:total_world_time":838,"minecraft:drop":1,"minecraft:fall_one_cm":627,"minecraft:fly_one_cm":3013},"minecraft:mined":{"minecraft:grass":1,"minecraft:grass_block":1},"minecraft:dropped":{"minecraft:dirt":1}},"DataVersion":3465}