{"stats":{"minecraft:killed_by":{"minecraft:player":4,"iceandfire:deathworm":2,"minecraft:creeper":4,"minecraft:spider":8,"iceandfire:hippogryph":2,"minecraft:skeleton":19,"minecraft:witch":1,"minecraft:zombie":7},"minecraft:used":{"minecraft:oak_fence":16,"minecraft:oak_trapdoor":3,"minecraft:red_sand":3,"minecraft:chest":3,"minecraft:ladder":9,"minecraft:spruce_planks":1,"minecraft:iron_sword":124,"minecraft:bell":1,"minecraft:sandstone_wall":1,"minecraft:rotten_flesh":5,"minecraft:iron_chestplate":1,"minecraft:oak_door":11,"minecraft:torch":29,"minecraft:mutton":1,"minecraft:dirt":10,"iceandfire:copper_sword":4,"create:cogwheel":4,"minecraft:jungle_planks":4,"minecraft:jungle_slab":7,"minecraft:dark_oak_planks":4,"minecraft:jungle_fence_gate":1,"minecraft:lantern":1,"minecraft:iron_axe":20,"minecraft:smooth_sandstone":2,"iceandfire:ghost_chest":1,"evilcraft:flesh_humanoid":1,"minecraft:barrel":1,"minecraft:oak_sapling":14,"minecraft:acacia_planks":4,"minecraft:water_bucket":17,"minecraft:stone_pickaxe":176,"minecraft:oak_planks":1,"minecraft:andesite_slab":2,"minecraft:wooden_pickaxe":31,"minecraft:cut_sandstone":1,"minecraft:sugar_cane":7,"minecraft:green_bed":3,"minecraft:white_wool":1,"minecraft:terracotta":11,"minecraft:sand":26,"minecraft:lime_bed":6,"minecraft:crafting_table":6,"minecraft:sponge":4,"minecraft:oak_log":1,"minecraft:apple":1,"create:copper_backtank":1,"minecraft:iron_pickaxe":78,"minecraft:birch_slab":32,"minecraft:bread":11,"minecraft:cyan_bed":1,"create:water_wheel":3,"minecraft:red_terracotta":1,"create:large_water_wheel":1,"minecraft:stone_axe":78,"minecraft:cobblestone":113,"minecraft:andesite":77,"minecraft:bucket":3,"create:vertical_gearbox":3,"minecraft:purple_wool":1,"create:large_cogwheel":6},"minecraft:broken":{"minecraft:stone_pickaxe":1},"minecraft:crafted":{"minecraft:oak_door":9,"minecraft:oak_planks":188,"minecraft:iron_nugget":9,"minecraft:oak_trapdoor":2,"create:vertical_gearbox":1,"minecraft:iron_axe":1,"minecraft:ladder":9,"minecraft:stone_pickaxe":2,"minecraft:chest":3,"minecraft:dark_oak_planks":4,"create:cogwheel":5,"minecraft:oak_fence":24,"minecraft:wheat":63,"minecraft:crafting_table":6,"minecraft:wooden_pickaxe":1,"create:large_water_wheel":1,"minecraft:bucket":1,"minecraft:oak_wood":3,"minecraft:stone_axe":1,"minecraft:bread":21,"minecraft:air":0,"minecraft:jungle_planks":8,"create:gearbox":1,"minecraft:iron_chestplate":1,"create:water_wheel":1,"minecraft:charcoal":6,"minecraft:stick":20,"minecraft:andesite_slab":6,"minecraft:iron_pickaxe":1,"create:large_cogwheel":1,"minecraft:acacia_planks":8,"minecraft:torch":24},"minecraft:killed":{"minecraft:spider":2,"minecraft:zombie_horse":1,"minecraft:skeleton":7,"minecraft:drowned":1,"iceandfire:deathworm":1,"minecraft:skeleton_horse":1,"minecraft:creeper":1,"minecraft:sheep":5,"iceandfire:ghost":2,"minecraft:zombie":5,"minecraft:cow":2},"minecraft:mined":{"minecraft:yellow_terracotta":4,"minecraft:spruce_planks":2,"minecraft:mossy_cobblestone":1,"minecraft:oak_door":3,"minecraft:jungle_slab":6,"create:andesite_casing":1,"minecraft:jungle_leaves":1,"minecraft:potted_dead_bush":1,"gravestone:gravestone":22,"minecraft:grass_block":2,"create:large_cogwheel":3,"minecraft:jungle_planks":2,"minecraft:jungle_log":4,"minecraft:large_fern":1,"minecraft:hay_block":7,"minecraft:oak_trapdoor":2,"minecraft:fire":85,"minecraft:acacia_wood":2,"minecraft:andesite":34,"minecraft:bell":1,"minecraft:vine":2,"minecraft:green_carpet":2,"minecraft:smooth_sandstone_stairs":3,"minecraft:stone":174,"minecraft:green_bed":3,"minecraft:cut_sandstone":8,"create:cogwheel":3,"minecraft:jungle_door":1,"minecraft:smooth_sandstone":19,"minecraft:light_gray_terracotta":3,"minecraft:dark_oak_wood":1,"iceandfire:ghost_chest":3,"minecraft:dead_bush":176,"create:water_wheel":3,"minecraft:tall_grass":5,"minecraft:cobblestone":16,"farmersdelight:wild_tomatoes":8,"minecraft:cyan_bed":1,"minecraft:sugar_cane":6,"minecraft:oak_planks":1,"minecraft:diorite":7,"minecraft:smooth_sandstone_slab":1,"minecraft:white_terracotta":3,"minecraft:lime_bed":5,"minecraft:red_terracotta":1,"create:gearbox":1,"minecraft:wither_rose":1,"minecraft:grass":18,"minecraft:oak_log":62,"minecraft:sand":14,"minecraft:dirt":16,"minecraft:cobweb":1,"minecraft:terracotta":4,"minecraft:oak_leaves":33},"minecraft:dropped":{"minecraft:bread":5,"minecraft:mossy_cobblestone":1,"minecraft:cobblestone":23,"minecraft:granite":1,"minecraft:jungle_planks":1,"minecraft:diorite":7,"minecraft:green_carpet":2,"gravestone:obituary":35,"minecraft:sand":1,"minecraft:oak_door":2,"minecraft:stone_axe":1,"create:shaft":12,"minecraft:light_gray_terracotta":3,"minecraft:white_terracotta":3,"minecraft:red_terracotta":1,"minecraft:skeleton_skull":1,"minecraft:andesite":12,"minecraft:jungle_log":4,"create:hand_crank":1,"minecraft:arrow":2,"minecraft:wooden_pickaxe":2,"minecraft:stone_pickaxe":1,"create:andesite_alloy":2,"minecraft:terracotta":5},"minecraft:custom":{"minecraft:mob_kills":31,"minecraft:interact_with_crafting_table":26,"minecraft:open_barrel":5,"minecraft:bell_ring":23,"minecraft:leave_game":8,"minecraft:time_since_death":7741,"minecraft:climb_one_cm":22665,"minecraft:sprint_one_cm":557923,"minecraft:walk_one_cm":374420,"minecraft:drop":64,"minecraft:talked_to_villager":1,"minecraft:play_time":279911,"minecraft:sneak_time":6632,"minecraft:deaths":48,"minecraft:walk_under_water_one_cm":90050,"minecraft:jump":4033,"minecraft:walk_on_water_one_cm":80752,"minecraft:total_world_time":279911,"minecraft:interact_with_furnace":8,"minecraft:tune_noteblock":3,"minecraft:sleep_in_bed":10,"minecraft:time_since_rest":7773,"minecraft:damage_taken":13465,"minecraft:damage_dealt":5696,"minecraft:player_kills":1,"minecraft:swim_one_cm":207615,"minecraft:fly_one_cm":879188,"minecraft:open_chest":43,"minecraft:crouch_one_cm":12530,"minecraft:fall_one_cm":112974,"minecraft:horse_one_cm":7},"minecraft:picked_up":{"minecraft:purple_wool":2,"aoa3:copper_coin":35,"iceandfire:copper_sword":2,"minecraft:flower_pot":1,"minecraft:wooden_pickaxe":2,"farmersdelight:rice_panicle":1,"minecraft:acacia_pressure_plate":1,"cyclic:compressed_cobblestone":41,"minecraft:wither_rose":1,"minecraft:acacia_button":1,"gravestone:obituary":15,"minecraft:string":1,"iceandfire:manuscript":6,"minecraft:oak_trapdoor":1,"minecraft:raw_copper":8,"evilcraft:poison_sac":1,"minecraft:oak_sign":1,"create:water_wheel":3,"minecraft:red_sand":19,"minecraft:spruce_planks":1,"minecraft:beef":3,"aoa3:raw_charger_shank":2,"minecraft:player_head":1,"minecraft:iron_nugget":10,"minecraft:sugar_cane":11,"minecraft:stick":175,"iceandfire:ghost_chest":4,"minecraft:jungle_door":1,"minecraft:oak_door":5,"minecraft:torch":26,"minecraft:bowl":8,"minecraft:green_bed":5,"create:andesite_casing":1,"minecraft:sandstone_wall":1,"farmersdelight:tomato_seeds":8,"minecraft:jungle_fence_gate":1,"create:copper_backtank":1,"create:hand_crank":1,"minecraft:diorite":28,"iceandfire:deathworm_chitin_white":2,"create:vertical_gearbox":2,"create:large_cogwheel":4,"iceandfire:silver_ingot":2,"minecraft:arrow":10,"minecraft:rotten_flesh":43,"minecraft:hay_block":7,"minecraft:yellow_terracotta":8,"minecraft:white_terracotta":6,"minecraft:mutton":6,"minecraft:skeleton_skull":4,"minecraft:white_wool":4,"minecraft:cobblestone":668,"minecraft:lime_bed":6,"minecraft:feather":2,"minecraft:lilac":1,"minecraft:andesite":196,"minecraft:jungle_log":6,"minecraft:cut_sandstone":7,"minecraft:leather":2,"minecraft:acacia_wood":4,"minecraft:smooth_sandstone_stairs":2,"evilcraft:flesh_humanoid":4,"create:andesite_alloy":3,"minecraft:oak_log":75,"minecraft:jungle_button":2,"minecraft:lapis_lazuli":15,"farmersdelight:tomato":2,"minecraft:dirt":37,"minecraft:lantern":1,"minecraft:orange_terracotta":6,"minecraft:smooth_sandstone":20,"minecraft:bone":23,"minecraft:apple":3,"farmersdelight:cooking_pot":1,"minecraft:wheat_seeds":2,"minecraft:bell":1,"minecraft:stone_pickaxe":1,"minecraft:cobweb":2,"create:shaft":19,"minecraft:iron_sword":1,"minecraft:oak_planks":1,"create:cogwheel":3,"minecraft:gravel":1,"minecraft:sand":54,"minecraft:jungle_planks":2,"minecraft:dead_bush":1,"minecraft:spider_eye":1,"minecraft:cyan_bed":1,"minecraft:jungle_slab":7,"minecraft:green_carpet":2,"minecraft:red_terracotta":3,"minecraft:mossy_cobblestone":2,"minecraft:light_gray_terracotta":6,"minecraft:sugar":3,"minecraft:stone_axe":1,"minecraft:iron_helmet":1,"minecraft:granite":3,"minecraft:gray_wool":1,"minecraft:terracotta":22,"minecraft:oak_sapling":14,"farmersdelight:stove":1,"minecraft:dark_oak_wood":1,"minecraft:dark_oak_fence":1}},"DataVersion":3465}