{"stats":{"minecraft:used":{"minecraft:water_bucket":14,"minecraft:terracotta":4,"minecraft:birch_slab":32,"minecraft:sponge":4,"minecraft:barrel":1},"minecraft:picked_up":{"minecraft:acacia_button":1},"minecraft:killed_by":{"minecraft:skeleton":1},"minecraft:custom":{"minecraft:open_barrel":1,"minecraft:time_since_rest":292,"minecraft:open_chest":1,"minecraft:crouch_one_cm":548,"minecraft:walk_one_cm":3358,"minecraft:play_time":11909,"minecraft:sprint_one_cm":1778,"minecraft:damage_taken":300,"minecraft:deaths":1,"minecraft:sneak_time":383,"minecraft:walk_under_water_one_cm":693,"minecraft:jump":25,"minecraft:leave_game":1,"minecraft:time_since_death":0,"minecraft:walk_on_water_one_cm":2007,"minecraft:total_world_time":11909,"minecraft:fall_one_cm":627,"minecraft:fly_one_cm":43497}},"DataVersion":3465}