{"stats":{"minecraft:killed_by":{"minecraft:creeper":9,"minecraft:drowned":4,"minecraft:witch":1,"minecraft:zombie":11,"iceandfire:fire_dragon":3,"minecraft:player":4,"iceandfire:deathworm":2,"minecraft:spider":10,"iceandfire:hippogryph":2,"minecraft:skeleton":36,"iceandfire:cockatrice":1},"minecraft:used":{"minecraft:red_sand":3,"minecraft:ladder":11,"minecraft:chest":17,"minecraft:iron_sword":168,"minecraft:bell":8,"minecraft:rotten_flesh":8,"minecraft:iron_chestplate":1,"minecraft:mutton":1,"create:cogwheel":4,"minecraft:jungle_planks":4,"minecraft:jungle_slab":7,"minecraft:jungle_fence_gate":1,"minecraft:lantern":1,"iceandfire:ghost_chest":1,"minecraft:oak_sapling":43,"minecraft:egg":3,"minecraft:diorite":1,"minecraft:stone_pickaxe":176,"minecraft:oak_planks":1,"minecraft:wooden_pickaxe":31,"cyclic:emerald_axe":439,"minecraft:sugar_cane":7,"minecraft:white_wool":1,"minecraft:sand":56,"minecraft:sponge":4,"create:copper_backtank":1,"minecraft:melon_slice":2,"minecraft:birch_slab":32,"minecraft:bread":31,"minecraft:cyan_bed":1,"minecraft:red_terracotta":1,"minecraft:gravel":1,"cyclic:mattock_stone":364,"minecraft:andesite":77,"minecraft:oak_boat":8,"create:vertical_gearbox":3,"minecraft:purple_wool":1,"create:large_cogwheel":6,"minecraft:oak_fence":26,"minecraft:oak_trapdoor":4,"minecraft:spruce_planks":1,"cyclic:emerald_shovel":1022,"minecraft:sandstone_wall":1,"minecraft:oak_door":11,"minecraft:orange_bed":9,"minecraft:torch":75,"minecraft:dirt":628,"iceandfire:copper_sword":4,"minecraft:cobblestone_wall":635,"cyclic:emerald_pickaxe":463,"minecraft:granite":2,"cyclic:flower_lime_carnation":1,"minecraft:dark_oak_planks":4,"minecraft:iron_axe":36,"minecraft:smooth_sandstone":69,"minecraft:melon_seeds":4,"minecraft:barrel":1,"evilcraft:flesh_humanoid":1,"minecraft:acacia_planks":4,"minecraft:wheat_seeds":7,"minecraft:acacia_boat":1,"minecraft:water_bucket":17,"minecraft:andesite_slab":2,"minecraft:smooth_sandstone_slab":1,"minecraft:cut_sandstone":1,"minecraft:fletching_table":1,"minecraft:green_bed":21,"minecraft:terracotta":11,"minecraft:lime_bed":14,"minecraft:crafting_table":12,"minecraft:red_bed":3,"minecraft:white_bed":3,"minecraft:oak_log":1,"minecraft:apple":1,"minecraft:iron_pickaxe":124,"create:water_wheel":3,"create:large_water_wheel":1,"minecraft:stone_axe":78,"minecraft:cobblestone":589,"minecraft:bucket":3},"minecraft:broken":{"minecraft:leather_leggings":1,"minecraft:stone_pickaxe":1,"minecraft:iron_helmet":2},"minecraft:crafted":{"minecraft:oak_planks":652,"cyclic:emerald_shovel":1,"create:vertical_gearbox":1,"minecraft:melon_seeds":4,"cyclic:emerald_axe":1,"minecraft:chest":15,"create:cogwheel":5,"minecraft:oak_fence":60,"minecraft:emerald":19,"minecraft:crafting_table":12,"minecraft:wooden_pickaxe":1,"minecraft:fletching_table":1,"minecraft:oak_wood":3,"create:gearbox":1,"cyclic:emerald_chestplate":1,"minecraft:iron_chestplate":1,"minecraft:charcoal":6,"create:water_wheel":1,"minecraft:stick":648,"minecraft:iron_pickaxe":1,"minecraft:stone_sword":1,"create:large_cogwheel":1,"minecraft:oak_door":9,"minecraft:iron_nugget":9,"minecraft:oak_trapdoor":2,"cyclic:emerald_pickaxe":1,"minecraft:ladder":9,"minecraft:iron_axe":1,"minecraft:stone_pickaxe":2,"minecraft:cobblestone_wall":690,"minecraft:dark_oak_planks":4,"cyclic:compressed_cobblestone":98,"minecraft:wheat":63,"create:large_water_wheel":1,"minecraft:bucket":1,"minecraft:stone_axe":1,"minecraft:bread":22,"minecraft:air":0,"minecraft:jungle_planks":8,"minecraft:oak_boat":4,"minecraft:white_wool":2,"minecraft:cobblestone":345,"minecraft:andesite_slab":6,"minecraft:white_bed":2,"minecraft:acacia_planks":64,"cyclic:emerald_boots":1,"minecraft:torch":60},"minecraft:killed":{"minecraft:spider":12,"minecraft:zombie_horse":1,"minecraft:skeleton":38,"minecraft:skeleton_horse":2,"aoa3:ancient_golem":2,"minecraft:zombie_villager":1,"minecraft:salmon":1,"minecraft:creeper":1,"iceandfire:cockatrice":1,"minecraft:sheep":5,"minecraft:zombie":11,"aoa3:goblin":1,"minecraft:cow":2,"minecraft:drowned":14,"iceandfire:deathworm":2,"aoa3:cyclops":2,"iceandfire:ghost":3},"minecraft:mined":{"minecraft:white_bed":1,"minecraft:spruce_planks":2,"iceandfire:graveyard_soil":8,"minecraft:oak_sapling":7,"minecraft:farmland":16,"minecraft:jungle_slab":6,"create:andesite_casing":1,"minecraft:jungle_leaves":1,"minecraft:potted_dead_bush":1,"minecraft:granite":2,"minecraft:red_sand":4,"minecraft:acacia_log":17,"minecraft:grass_block":569,"minecraft:jungle_log":4,"iceandfire:lectern":1,"minecraft:composter":6,"minecraft:magma_block":5,"minecraft:fire":104,"minecraft:dirt_path":43,"minecraft:water_cauldron":4,"minecraft:green_carpet":2,"minecraft:smooth_sandstone_stairs":10,"minecraft:green_bed":21,"minecraft:orange_bed":9,"minecraft:cut_sandstone":18,"create:cogwheel":3,"cyclic:flower_lime_carnation":2,"minecraft:jungle_door":1,"minecraft:red_bed":4,"minecraft:melon_stem":1,"minecraft:light_gray_terracotta":3,"minecraft:dark_oak_wood":1,"minecraft:melon":9,"iceandfire:ghost_chest":3,"minecraft:dead_bush":177,"minecraft:cobblestone":59,"minecraft:oak_planks":1,"minecraft:cyan_bed":1,"minecraft:sugar_cane":8,"minecraft:grindstone":2,"minecraft:smooth_sandstone_slab":12,"aoa3:limonite_ore":2,"minecraft:white_terracotta":3,"minecraft:wheat":23,"minecraft:wither_rose":2,"minecraft:grass":140,"minecraft:oak_log":193,"minecraft:acacia_fence":2,"minecraft:loom":2,"minecraft:sand":131,"minecraft:dirt":278,"minecraft:sandstone_wall":2,"minecraft:netherrack":64,"minecraft:oak_leaves":93,"minecraft:yellow_terracotta":10,"create:zinc_ore":8,"minecraft:mossy_cobblestone":1,"minecraft:oak_door":3,"cyclic:compressed_cobblestone":1,"gravestone:gravestone":56,"minecraft:ladder":2,"create:large_cogwheel":3,"minecraft:jungle_planks":2,"minecraft:cartography_table":1,"minecraft:large_fern":1,"minecraft:hay_block":7,"minecraft:oak_trapdoor":3,"minecraft:chiseled_sandstone":1,"minecraft:acacia_wood":2,"minecraft:andesite":34,"minecraft:acacia_stairs":10,"minecraft:bell":8,"minecraft:vine":5,"minecraft:stone":675,"minecraft:acacia_leaves":15,"cyclic:flower_absalon_tulip":9,"cyclic:flower_purple_tulip":1,"minecraft:oak_fence":21,"minecraft:smooth_sandstone":135,"create:water_wheel":3,"minecraft:copper_ore":1,"minecraft:tall_grass":10,"farmersdelight:wild_tomatoes":8,"minecraft:diorite":9,"minecraft:lime_bed":12,"minecraft:red_terracotta":1,"minecraft:cobblestone_wall":21,"minecraft:acacia_fence_gate":1,"create:gearbox":1,"minecraft:coal_ore":1,"minecraft:cobweb":2,"minecraft:terracotta":8,"minecraft:acacia_planks":4},"minecraft:dropped":{"minecraft:iron_sword":1,"minecraft:oak_log":32,"minecraft:jungle_planks":1,"iceandfire:ectoplasm":4,"minecraft:dirt":192,"minecraft:jungle_button":3,"gravestone:obituary":86,"minecraft:bone_meal":1,"minecraft:sand":1,"minecraft:bone":2,"minecraft:oak_door":2,"minecraft:gravel":1,"minecraft:stone_axe":1,"minecraft:rotten_flesh":7,"minecraft:oak_planks":1,"cyclic:mattock_stone":1,"minecraft:skeleton_skull":1,"minecraft:jungle_log":4,"minecraft:arrow":6,"iceandfire:manuscript":6,"create:andesite_alloy":2,"minecraft:bread":5,"minecraft:wheat_seeds":10,"aoa3:scrap_metal":3,"minecraft:mossy_cobblestone":1,"minecraft:oak_fence":3,"minecraft:yellow_terracotta":1,"minecraft:cobblestone":139,"minecraft:granite":1,"minecraft:acacia_log":3,"minecraft:diorite":8,"aoa3:tea_seeds":2,"minecraft:torch":11,"minecraft:green_dye":1,"minecraft:jungle_door":1,"minecraft:green_carpet":2,"minecraft:smooth_sandstone_slab":10,"minecraft:string":7,"create:shaft":12,"minecraft:stone_sword":1,"minecraft:cobblestone_wall":64,"minecraft:light_gray_terracotta":3,"minecraft:white_terracotta":3,"minecraft:red_terracotta":1,"minecraft:iron_chestplate":3,"minecraft:andesite":12,"create:hand_crank":1,"minecraft:red_sand":4,"minecraft:stone_pickaxe":1,"minecraft:wooden_pickaxe":2,"minecraft:terracotta":5},"minecraft:custom":{"minecraft:interact_with_crafting_table":56,"minecraft:open_barrel":5,"minecraft:bell_ring":121,"minecraft:leave_game":14,"minecraft:time_since_death":12033,"minecraft:sprint_one_cm":1053868,"minecraft:drop":162,"minecraft:talked_to_villager":19,"minecraft:play_time":625229,"minecraft:deaths":89,"minecraft:jump":7759,"minecraft:walk_on_water_one_cm":139682,"minecraft:interact_with_furnace":18,"minecraft:traded_with_villager":19,"minecraft:sleep_in_bed":33,"minecraft:damage_dealt":17805,"minecraft:player_kills":1,"minecraft:crouch_one_cm":57501,"minecraft:horse_one_cm":7,"minecraft:mob_kills":105,"minecraft:climb_one_cm":58244,"minecraft:walk_one_cm":988032,"minecraft:sneak_time":16850,"minecraft:walk_under_water_one_cm":190399,"minecraft:boat_one_cm":825463,"minecraft:total_world_time":625229,"minecraft:tune_noteblock":3,"minecraft:time_since_rest":12067,"minecraft:damage_taken":25366,"minecraft:trigger_trapped_chest":1,"minecraft:swim_one_cm":396465,"minecraft:fly_one_cm":1555098,"minecraft:open_chest":165,"minecraft:fall_one_cm":215155},"minecraft:picked_up":{"minecraft:iron_chestplate":3,"minecraft:wheat":12,"iceandfire:copper_sword":2,"minecraft:flower_pot":2,"farmersdelight:rice_panicle":1,"minecraft:acacia_pressure_plate":1,"minecraft:wither_rose":2,"aoa3:carved_rune_of_direction":15,"minecraft:amethyst_block":39,"iceandfire:manuscript":18,"minecraft:string":30,"minecraft:raw_copper":32,"minecraft:oak_sign":3,"create:water_wheel":3,"minecraft:red_sand":28,"minecraft:gold_nugget":8,"minecraft:cobbled_deepslate":2,"minecraft:spruce_planks":1,"minecraft:rose_bush":2,"minecraft:cobblestone_slab":36,"minecraft:iron_pickaxe":1,"minecraft:melon_slice":50,"minecraft:iron_boots":1,"minecraft:furnace":1,"minecraft:stick":207,"iceandfire:ghost_chest":4,"minecraft:jungle_door":1,"minecraft:acacia_fence":4,"minecraft:composter":6,"minecraft:big_dripleaf":1,"minecraft:oak_fence":16,"minecraft:torch":55,"minecraft:green_bed":26,"minecraft:acacia_log":26,"create:andesite_casing":1,"minecraft:sandstone_wall":3,"iceandfire:rotten_egg":1,"minecraft:diorite":46,"aoa3:carved_rune_of_travel":4,"minecraft:cauldron":8,"create:large_cogwheel":4,"minecraft:orange_bed":10,"minecraft:stone_sword":1,"minecraft:cactus":3,"minecraft:rotten_flesh":87,"aoa3:raw_limonite":10,"minecraft:white_terracotta":6,"evilcraft:condensed_blood":39,"minecraft:cobblestone":2113,"minecraft:feather":5,"minecraft:lilac":1,"minecraft:jungle_log":6,"minecraft:andesite":260,"minecraft:flint":24,"minecraft:tuff":7,"minecraft:smooth_sandstone_stairs":8,"create:raw_zinc":4,"evilcraft:flesh_humanoid":12,"minecraft:acacia_boat":1,"minecraft:lantern":1,"minecraft:lapis_lazuli":101,"farmersdelight:tomato":8,"minecraft:dirt":1181,"cyclic:flower_cyan":3,"minecraft:bone":74,"minecraft:glass":4,"minecraft:acacia_planks":4,"minecraft:bow":4,"minecraft:wheat_seeds":119,"minecraft:bell":8,"minecraft:grindstone":4,"create:shaft":19,"aoa3:tea_seeds":4,"minecraft:rabbit":1,"cyclic:mattock_stone":3,"minecraft:oak_planks":4,"create:cogwheel":3,"minecraft:sand":210,"minecraft:jungle_planks":2,"cyclic:flower_absalon_tulip":35,"minecraft:loom":2,"aoa3:limonite_ingot":97,"minecraft:dead_bush":1,"minecraft:cyan_bed":1,"minecraft:acacia_stairs":10,"minecraft:jungle_slab":7,"minecraft:red_terracotta":3,"aoa3:ivory":2,"minecraft:mossy_cobblestone":2,"minecraft:light_gray_terracotta":6,"minecraft:sugar":3,"iceandfire:lectern":1,"minecraft:granite":105,"minecraft:bone_meal":2,"minecraft:emerald":7,"minecraft:bread":52,"minecraft:oak_sapling":65,"minecraft:dark_oak_fence":1,"minecraft:andesite_slab":6,"iceandfire:raw_silver":8,"minecraft:crafting_table":2,"minecraft:purple_wool":3,"iceandfire:witherbone":2,"aoa3:copper_coin":154,"minecraft:ladder":7,"minecraft:leather_leggings":1,"minecraft:wooden_pickaxe":2,"aoa3:carved_rune_of_space":2,"cyclic:compressed_cobblestone":106,"minecraft:acacia_button":1,"gravestone:obituary":42,"minecraft:brick":22,"farmersdelight:cooked_rice":10,"minecraft:oak_trapdoor":2,"minecraft:red_bed":4,"minecraft:iron_axe":1,"evilcraft:poison_sac":2,"aoa3:jade":3,"cyclic:flower_lime_carnation":6,"iceandfire:graveyard_soil":8,"iceandfire:bestiary":2,"minecraft:cartography_table":2,"minecraft:beef":3,"aoa3:raw_charger_shank":2,"minecraft:oak_boat":5,"minecraft:player_head":2,"minecraft:iron_nugget":16,"minecraft:poppy":3,"minecraft:sugar_cane":25,"minecraft:chest":3,"minecraft:egg":4,"minecraft:sandstone":12,"minecraft:oak_door":5,"minecraft:copper_ingot":66,"minecraft:bowl":8,"farmersdelight:tomato_seeds":8,"minecraft:jungle_fence_gate":1,"create:copper_backtank":3,"create:hand_crank":5,"iceandfire:deathworm_chitin_white":6,"create:zinc_ingot":64,"create:vertical_gearbox":4,"minecraft:smooth_sandstone_slab":33,"iceandfire:silver_ingot":32,"minecraft:arrow":46,"minecraft:beetroot_seeds":11,"minecraft:hay_block":7,"minecraft:yellow_terracotta":19,"minecraft:gold_ingot":37,"minecraft:mutton":9,"minecraft:skeleton_skull":5,"minecraft:white_wool":8,"minecraft:lime_bed":15,"minecraft:glow_ink_sac":2,"minecraft:salmon":4,"minecraft:cut_sandstone":46,"minecraft:leather":10,"minecraft:acacia_wood":6,"create:andesite_alloy":8,"minecraft:oak_log":226,"iceandfire:ectoplasm":8,"minecraft:jungle_button":3,"minecraft:gunpowder":7,"minecraft:cobblestone_wall":204,"minecraft:orange_terracotta":6,"iceandfire:deathworm_tounge":1,"minecraft:smooth_sandstone":213,"minecraft:apple":5,"farmersdelight:cooking_pot":1,"cyclic:flower_purple_tulip":20,"minecraft:wild_armor_trim_smithing_template":2,"minecraft:iron_ingot":3,"minecraft:stone_pickaxe":2,"minecraft:cooked_chicken":1,"minecraft:cobweb":5,"minecraft:iron_sword":2,"minecraft:acacia_sapling":3,"minecraft:green_dye":2,"minecraft:gravel":29,"aoa3:scrap_metal":9,"minecraft:amethyst_shard":10,"minecraft:white_bed":1,"minecraft:green_carpet":2,"minecraft:spider_eye":8,"minecraft:leather_helmet":1,"minecraft:stone_axe":1,"minecraft:iron_helmet":1,"evilcraft:dark_gem":56,"minecraft:gray_wool":1,"minecraft:terracotta":27,"minecraft:melon_seeds":4,"minecraft:dark_oak_wood":1,"farmersdelight:stove":1,"minecraft:coal":34}},"DataVersion":3465}