{"stats":{"minecraft:custom":{"minecraft:jump":123,"minecraft:time_since_rest":2222,"minecraft:deaths":1,"minecraft:walk_on_water_one_cm":468,"minecraft:crouch_one_cm":41,"minecraft:sprint_one_cm":11718,"minecraft:leave_game":2,"minecraft:play_time":6698,"minecraft:damage_taken":265,"minecraft:time_since_death":2187,"minecraft:walk_one_cm":14350,"minecraft:sneak_time":29,"minecraft:total_world_time":6698,"minecraft:walk_under_water_one_cm":2254,"minecraft:swim_one_cm":1181,"minecraft:fall_one_cm":4654,"minecraft:drop":2,"minecraft:fly_one_cm":20286},"minecraft:picked_up":{"minecraft:stick":10},"minecraft:mined":{"minecraft:dead_bush":9,"gravestone:gravestone":1},"minecraft:dropped":{"gravestone:obituary":2}},"DataVersion":3465}